Country,Year,Annual_Healthcare_Expense
Africa Eastern and Southern,2012,105.426618
Afghanistan,2012,46.57987976
Africa Western and Central,2012,60.18746741
Angola,2012,96.66415405
Albania,2012,255.3181915
Andorra,2012,3698.80835
Arab World,2012,236.9910964
United Arab Emirates,2012,1325.203247
Argentina,2012,980.1362915
Armenia,2012,290
Antigua and Barbuda,2012,720.9244385
Australia,2012,4975.470703
Austria,2012,4801
Azerbaijan,2012,152
Burundi,2012,25.12049484
Belgium,2012,4531.033691
Benin,2012,30.38452339
Burkina Faso,2012,32.8663559
Bangladesh,2012,21.15062714
Bulgaria,2012,485
Bahrain,2012,866.3862305
"Bahamas, The",2012,1421.590576
Bosnia and Herzegovina,2012,406
Belarus,2012,333
Belize,2012,242.6184082
Bolivia,2012,99.99167633
Brazil,2012,893.7750855
Barbados,2012,1116.533081
Brunei Darussalam,2012,788.5003052
Bhutan,2012,71.98933411
Botswana,2012,378.646698
Central African Republic,2012,16.40023994
Canada,2012,5083.981934
Central Europe and the Baltics,2012,869.7069331
Switzerland,2012,7640.449219
Chile,2012,870.7095947
China,2012,189.3437042
Cote d'Ivoire,2012,71.98825836
Cameroon,2012,49.50485611
"Congo, Dem. Rep.",2012,12.53950882
"Congo, Rep.",2012,54.86231995
Colombia,2012,452.0512085
Comoros,2012,69.0898819
Cabo Verde,2012,142.8777161
Costa Rica,2012,654.1734009
Caribbean small states,2012,535.8646331
Cuba,2012,608.9615479
Cyprus,2012,2045
Czechia,2012,1516.048584
Germany,2012,4611.421875
Djibouti,2012,56.37421417
Dominica,2012,370.3132935
Denmark,2012,6171
Dominican Republic,2012,271.2666321
Algeria,2012,230.0639191
East Asia & Pacific (excluding high income),2012,161.0246961
Early-demographic dividend,2012,138.3348718
East Asia & Pacific,2012,480.0464805
Europe & Central Asia (excluding high income),2012,311.9176031
Europe & Central Asia,2012,2192.755376
Ecuador,2012,288.6725464
"Egypt, Arab Rep.",2012,107.4189224
Euro area,2012,3814.889146
Eritrea,2012,24.43300056
Spain,2012,2789.637207
Estonia,2012,966.1902466
Ethiopia,2012,16.40672684
European Union,2012,3270.555985
Fragile and conflict affected situations,2012,67.12695455
Finland,2012,4252
Fiji,2012,128.3963776
France,2012,4592.383301
"Micronesia, Fed. Sts.",2012,361.8036499
Gabon,2012,207.9378357
United Kingdom,2012,3956.388916
Georgia,2012,290
Ghana,2012,71.6121521
Guinea,2012,22.8732872
"Gambia, The",2012,32.81699753
Guinea-Bissau,2012,31.5948391
Equatorial Guinea,2012,241.6699982
Greece,2012,2564.369385
Grenada,2012,366.4102783
Guatemala,2012,174.7947388
Guyana,2012,162.9921722
High income,2012,4070.05972
Honduras,2012,163.5370483
Heavily indebted poor countries (HIPC),2012,40.5734212
Croatia,2012,1126
Haiti,2012,55.5110321
Hungary,2012,983
IBRD only,2012,230.8842249
IDA & IBRD total,2012,186.0193096
IDA total,2012,44.2417414
IDA blend,2012,53.97551387
Indonesia,2012,86.36213684
IDA only,2012,39.19935436
India,2012,45
Ireland,2012,5133.455078
"Iran, Islamic Rep.",2012,436.1362915
Iraq,2012,143.5260315
Iceland,2012,3612
Israel,2012,2240
Italy,2012,3218
Jamaica,2012,256.0642395
Jordan,2012,319.841095
Japan,2012,4074
Kazakhstan,2012,244
Kenya,2012,58.93074799
Kyrgyz Republic,2012,61
Cambodia,2012,54.09758377
Kiribati,2012,134
St. Kitts and Nevis,2012,856.6733398
"Korea, Rep.",2012,1363.560913
Kuwait,2012,1050.421265
Latin America & Caribbean (excluding high income),2012,625.2315933
Lao PDR,2012,34.58347702
Lebanon,2012,572.420166
Liberia,2012,50.63946533
Libya,2012,380.9290161
St. Lucia,2012,438.1661987
Latin America & Caribbean,2012,635.7491382
Least developed countries: UN classification,2012,33.45145097
Low income,2012,35.55024912
Sri Lanka,2012,106
Lower middle income,2012,56.28435217
Low & middle income,2012,167.5510267
Lesotho,2012,87.4557724
Late-demographic dividend,2012,327.0571829
Lithuania,2012,805
Luxembourg,2012,7460
Latvia,2012,689
Morocco,2012,168.3771057
Monaco,2012,8013.045898
Moldova,2012,198
Madagascar,2012,21.57974052
Maldives,2012,608
Middle East & North Africa,2012,331.0734006
Mexico,2012,539.2655029
Marshall Islands,2012,417.3013611
Middle income,2012,179.5883403
North Macedonia,2012,302
Mali,2012,32.20446396
Malta,2012,1734
Myanmar,2012,20
Middle East & North Africa (excluding high income),2012,218.5916336
Mongolia,2012,99.48032379
Mozambique,2012,26.17583847
Mauritania,2012,43.3949852
Mauritius,2012,357.0010986
Malawi,2012,34.2412796
Malaysia,2012,285.0263977
North America,2012,7560.76013
Namibia,2012,522.1591187
Niger,2012,23.33815765
Nigeria,2012,75.58924866
Nicaragua,2012,115.3239517
Netherlands,2012,5192
Norway,2012,7860
Nepal,2012,30
Nauru,2012,614.1340942
New Zealand,2012,3233.778564
OECD members,2012,4054.779071
Oman,2012,558.3665772
Other small states,2012,711.212391
Pakistan,2012,24.20984077
Panama,2012,608.2467041
Peru,2012,240.2576141
Philippines,2012,91
Palau,2012,1153.060669
Papua New Guinea,2012,39.60604477
Poland,2012,809
Pre-demographic dividend,2012,54.6685374
Portugal,2012,2259
Paraguay,2012,257.0585632
Pacific island small states,2012,148.3488847
Post-demographic dividend,2012,4733.24185
Qatar,2012,1306.525513
Romania,2012,472
Russian Federation,2012,567
Rwanda,2012,48.02530289
South Asia,2012,41.10894722
Saudi Arabia,2012,655.1174316
Sudan,2012,76.49365234
Senegal,2012,51.81986618
Singapore,2012,1487.379028
Solomon Islands,2012,73.04418945
Sierra Leone,2012,36.55500031
El Salvador,2012,268.6670837
San Marino,2012,3695.150391
Serbia,2012,545.3338013
Sub-Saharan Africa (excluding high income),2012,86.59911546
Sub-Saharan Africa,2012,86.63948628
Small states,2012,604.7028775
Sao Tome and Principe,2012,74.38393402
Suriname,2012,402.4092407
Slovak Republic,2012,1297
Slovenia,2012,2017
Sweden,2012,4416
Eswatini,2012,346.7011719
Seychelles,2012,472.4790344
Syrian Arab Republic,2012,88.68951416
Chad,2012,36.498703
East Asia & Pacific (IDA & IBRD countries),2012,161.0365411
Europe & Central Asia (IDA & IBRD countries),2012,456.2084955
Togo,2012,31.36204338
Thailand,2012,169.3820038
Tajikistan,2012,42
Turkmenistan,2012,214.1880188
Latin America & the Caribbean (IDA & IBRD countries),2012,635.7658781
Timor-Leste,2012,52.4311409
Middle East & North Africa (IDA & IBRD countries),2012,218.5916336
Tonga,2012,166.6062164
South Asia (IDA & IBRD),2012,41.10894722
Sub-Saharan Africa (IDA & IBRD countries),2012,86.63948628
Trinidad and Tobago,2012,811.3280029
Tunisia,2012,237.9020844
Turkiye,2012,533
Tuvalu,2012,476.2854919
Tanzania,2012,36.89682007
Uganda,2012,51.96447372
Ukraine,2012,203
Upper middle income,2012,300.5432084
Uruguay,2012,1032.657959
United States,2012,7833.044922
Uzbekistan,2012,92
St. Vincent and the Grenadines,2012,283.5976868
Viet Nam,2012,85.4039917
Vanuatu,2012,96.36509705
World,2012,904.7691857
Samoa,2012,183.8677216
"Yemen, Rep.",2012,64.44327545
South Africa,2012,628.1286011
Zambia,2012,58.39817047
Zimbabwe,2012,98.24945831
Africa Eastern and Southern,2013,113.6897139
Afghanistan,2013,52.36304855
Africa Western and Central,2013,67.17484644
Angola,2013,121.9136887
Albania,2013,274.776886
Andorra,2013,3913.987061
Arab World,2013,269.758126
United Arab Emirates,2013,1500.80249
Argentina,2013,1202.563965
Armenia,2013,325
Antigua and Barbuda,2013,713.9985352
Australia,2013,5909.149902
Austria,2013,5168
Azerbaijan,2013,183
Burundi,2013,23.81056213
Belgium,2013,4930.141113
Benin,2013,32.9503212
Burkina Faso,2013,33.8243866
Bangladesh,2013,23.28593445
Bulgaria,2013,556
Bahrain,2013,917.6530151
"Bahamas, The",2013,1418.508545
Bosnia and Herzegovina,2013,457
Belarus,2013,310
Belize,2013,251.1910248
Bolivia,2013,119.2386169
Brazil,2013,1028.084717
Barbados,2013,1166.021973
Brunei Darussalam,2013,860.0778198
Bhutan,2013,77.32337952
Botswana,2013,415.5810852
Central African Republic,2013,18.9371357
Canada,2013,5423.059082
Central Europe and the Baltics,2013,921.1159899
Switzerland,2013,9138.367188
Chile,2013,994.6660767
China,2013,239.7543335
Cote d'Ivoire,2013,72.44979095
Cameroon,2013,57.71255493
"Congo, Dem. Rep.",2013,12.27988434
"Congo, Rep.",2013,59.84463501
Colombia,2013,501.2983093
Comoros,2013,80.95452881
Cabo Verde,2013,152.2834778
Costa Rica,2013,742.1419067
Caribbean small states,2013,547.1076873
Cuba,2013,695.9915772
Cyprus,2013,2115
Czechia,2013,1654.510132
Germany,2013,5037.491699
Djibouti,2013,62.67469025
Dominica,2013,388.8713074
Denmark,2013,6438
Dominican Republic,2013,295.194397
Algeria,2013,288.313324
East Asia & Pacific (excluding high income),2013,201.1456232
Early-demographic dividend,2013,154.2690324
East Asia & Pacific,2013,589.6722608
Europe & Central Asia (excluding high income),2013,331.2848487
Europe & Central Asia,2013,2374.375349
Ecuador,2013,342.3848877
"Egypt, Arab Rep.",2013,118.6961212
Euro area,2013,4075.642524
Eritrea,2013,33.27035522
Spain,2013,2908.919678
Estonia,2013,1061.162842
Ethiopia,2013,14.83500671
European Union,2013,3525.836777
Fragile and conflict affected situations,2013,72.62163409
Finland,2013,4718
Fiji,2013,141.6560364
France,2013,4931.87793
"Micronesia, Fed. Sts.",2013,377.4903565
Gabon,2013,262.7745667
United Kingdom,2013,4199.083984
Georgia,2013,317
Ghana,2013,95.87026215
Guinea,2013,24.42393684
"Gambia, The",2013,30.82727623
Guinea-Bissau,2013,44.70295334
Equatorial Guinea,2013,266.6874695
Greece,2013,2338.915039
Grenada,2013,393.2111206
Guatemala,2013,190.7144928
Guyana,2013,186.5948181
High income,2013,4385.186291
Honduras,2013,180.5815735
Heavily indebted poor countries (HIPC),2013,44.53316396
Croatia,2013,1132
Haiti,2013,76.81674194
Hungary,2013,1063
IBRD only,2013,268.2412473
IDA & IBRD total,2013,214.7691874
IDA total,2013,47.97877195
IDA blend,2013,58.48859054
Indonesia,2013,108.0318604
IDA only,2013,42.5256974
India,2013,48
Ireland,2013,5545.76416
"Iran, Islamic Rep.",2013,518.84021
Iraq,2013,160.8146668
Iceland,2013,3911
Israel,2013,2446
Italy,2013,3392
Jamaica,2013,275.5392456
Jordan,2013,338.3460999
Japan,2013,5107
Kazakhstan,2013,297
Kenya,2013,57.18780136
Kyrgyz Republic,2013,79
Cambodia,2013,66.05435944
Kiribati,2013,143
St. Kitts and Nevis,2013,907.031311
"Korea, Rep.",2013,1507.556641
Kuwait,2013,1143.137939
Latin America & Caribbean (excluding high income),2013,711.2260388
Lao PDR,2013,27.16216469
Lebanon,2013,647.1702271
Liberia,2013,54.34541321
Libya,2013,312.8485413
St. Lucia,2013,462.8668213
Latin America & Caribbean,2013,723.0914605
Least developed countries: UN classification,2013,36.89814259
Low income,2013,36.44003036
Sri Lanka,2013,116
Lower middle income,2013,61.51556289
Low & middle income,2013,194.024062
Lesotho,2013,117.3472366
Late-demographic dividend,2013,387.5289642
Lithuania,2013,925
Luxembourg,2013,7175
Latvia,2013,765
Morocco,2013,179.0485382
Monaco,2013,8302.916992
Moldova,2013,215
Madagascar,2013,23.37224197
Maldives,2013,587
Middle East & North Africa,2013,379.0139571
Mexico,2013,570.7304688
Marshall Islands,2013,424.9150696
Middle income,2013,208.6360859
North Macedonia,2013,326
Mali,2013,32.52751923
Malta,2013,1960
Myanmar,2013,27
Middle East & North Africa (excluding high income),2013,247.7863151
Montenegro,2013,572
Mongolia,2013,136.0482483
Mozambique,2013,30.28253746
Mauritania,2013,47.4840889
Mauritius,2013,385.7719116
Malawi,2013,39.60096741
Malaysia,2013,343.198761
North America,2013,7763.640722
Namibia,2013,569.1429443
Niger,2013,24.68768311
Nigeria,2013,83.10647583
Nicaragua,2013,122.5347595
Netherlands,2013,5562
Norway,2013,8900
Nepal,2013,34
Nauru,2013,659.4338989
New Zealand,2013,3656.730713
OECD members,2013,4350.218357
Oman,2013,540.3850708
Other small states,2013,750.9429731
Pakistan,2013,25.67299652
Panama,2013,665.8464966
Peru,2013,262.9674072
Philippines,2013,98
Palau,2013,1161.530396
Papua New Guinea,2013,52.84900284
Poland,2013,866
Pre-demographic dividend,2013,59.81714008
Portugal,2013,2256
Paraguay,2013,336.1187439
Pacific island small states,2013,163.1084396
Post-demographic dividend,2013,5092.67667
Qatar,2013,1487.852173
Romania,2013,427
Russian Federation,2013,684
Rwanda,2013,51.65081787
South Asia,2013,43.9882202
Saudi Arabia,2013,826.3400269
Sudan,2013,83.55038452
Senegal,2013,58.30465698
Singapore,2013,1670.382202
Solomon Islands,2013,95.24793243
Sierra Leone,2013,47.91463089
El Salvador,2013,293.3677063
San Marino,2013,4504.630859
Serbia,2013,618.8942261
Sub-Saharan Africa (excluding high income),2013,94.31927237
Sub-Saharan Africa,2013,94.35793085
Small states,2013,640.1671952
Sao Tome and Principe,2013,84.74559784
Suriname,2013,378.1517334
Slovak Republic,2013,1352
Slovenia,2013,2148
Sweden,2013,6351
Eswatini,2013,369.3705444
Seychelles,2013,484.1811523
Syrian Arab Republic,2013,74.85932159
Chad,2013,38.68487549
East Asia & Pacific (IDA & IBRD countries),2013,201.156968
Europe & Central Asia (IDA & IBRD countries),2013,507.3279887
Togo,2013,35.2552681
Thailand,2013,192.5660706
Tajikistan,2013,49
Turkmenistan,2013,267.0141907
Latin America & the Caribbean (IDA & IBRD countries),2013,723.1702247
Timor-Leste,2013,64.27597809
Middle East & North Africa (IDA & IBRD countries),2013,247.7863151
Tonga,2013,155.8877106
South Asia (IDA & IBRD),2013,43.9882202
Sub-Saharan Africa (IDA & IBRD countries),2013,94.35793085
Trinidad and Tobago,2013,857.5723267
Tunisia,2013,267.0809937
Turkiye,2013,526
Tuvalu,2013,516.6014404
Tanzania,2013,37.43364334
Uganda,2013,55.3051796
Ukraine,2013,244
Upper middle income,2013,354.1445887
Uruguay,2013,1232.046265
United States,2013,8021.593262
Uzbekistan,2013,109
St. Vincent and the Grenadines,2013,277.7983704
Viet Nam,2013,97.18331909
Vanuatu,2013,110.2756882
World,2013,979.3171801
Samoa,2013,210.1192322
"Yemen, Rep.",2013,61.27024841
South Africa,2013,694.1005859
Zambia,2013,65.0934906
Zimbabwe,2013,87.49465179
Africa Eastern and Southern,2014,110.5010137
Afghanistan,2014,52.61354065
Africa Western and Central,2014,69.60961819
Angola,2014,121.7957535
Albania,2014,262.2885437
Andorra,2014,3013.514648
Arab World,2014,293.361815
United Arab Emirates,2014,1480.727417
Argentina,2014,1361.991577
Armenia,2014,333
Antigua and Barbuda,2014,749.9437866
Australia,2014,6071.650879
Austria,2014,4966
Azerbaijan,2014,232
Burundi,2014,20.57489777
Belgium,2014,4704.472656
Benin,2014,34.21852112
Burkina Faso,2014,33.78236771
Bangladesh,2014,23.89686203
Bulgaria,2014,559
Bahrain,2014,1030.846558
"Bahamas, The",2014,1492.449097
Bosnia and Herzegovina,2014,444
Belarus,2014,355
Belize,2014,246.298172
Bolivia,2014,134.630661
Brazil,2014,953.703125
Barbados,2014,1298.255859
Brunei Darussalam,2014,867.0618897
Bhutan,2014,83.64318848
Botswana,2014,405.960083
Central African Republic,2014,20.60425186
Canada,2014,5538.935547
Central Europe and the Baltics,2014,864.2274372
Switzerland,2014,8753.820313
Chile,2014,1081.460693
China,2014,285.31427
Cote d'Ivoire,2014,74.48454285
Cameroon,2014,56.3600235
"Congo, Dem. Rep.",2014,13.62572193
"Congo, Rep.",2014,71.6878891
Colombia,2014,546.2114868
Comoros,2014,76.77297974
Cabo Verde,2014,167.4928131
Costa Rica,2014,776.4348755
Caribbean small states,2014,580.9278719
Cuba,2014,601.4242554
Cyprus,2014,1899
Czechia,2014,1515.81604
Germany,2014,4765.678711
Djibouti,2014,65.69985962
Dominica,2014,408.7749023
Denmark,2014,6168
Dominican Republic,2014,305.4364624
Algeria,2014,336.6726685
East Asia & Pacific (excluding high income),2014,234.5235024
Early-demographic dividend,2014,160.8730666
East Asia & Pacific,2014,628.5681805
Europe & Central Asia (excluding high income),2014,346.9358947
Europe & Central Asia,2014,2276.96593
Ecuador,2014,389.7561035
"Egypt, Arab Rep.",2014,142.7594147
Euro area,2014,3801.611587
Eritrea,2014,25.96233749
Spain,2014,2590.225342
Estonia,2014,1058.719604
Ethiopia,2014,20.28753662
European Union,2014,3300.528712
Fragile and conflict affected situations,2014,75.65487692
Finland,2014,4573
Fiji,2014,154.2161713
France,2014,4644.595703
"Micronesia, Fed. Sts.",2014,370.9263916
Gabon,2014,226.3252716
United Kingdom,2014,4242.234863
Georgia,2014,349
Ghana,2014,83.48946381
Guinea,2014,23.99205208
"Gambia, The",2014,29.30704689
Guinea-Bissau,2014,37.72527695
Equatorial Guinea,2014,284.0835266
Greece,2014,1948.248535
Grenada,2014,401.8450623
Guatemala,2014,200.3355408
Guyana,2014,202.51857
High income,2014,4404.926427
Honduras,2014,182.4237213
Heavily indebted poor countries (HIPC),2014,45.18331174
Croatia,2014,1030
Haiti,2014,74.79749298
Hungary,2014,961
IBRD only,2014,285.5097229
IDA & IBRD total,2014,227.8761319
IDA total,2014,50.43765599
IDA blend,2014,63.64497615
Indonesia,2014,106.9016342
IDA only,2014,43.58605458
India,2014,49
Ireland,2014,5210.36377
"Iran, Islamic Rep.",2014,513.454834
Iraq,2014,173.4031677
Iceland,2014,3760
Israel,2014,2410
Italy,2014,3086
Jamaica,2014,262.0988159
Jordan,2014,342.9404297
Japan,2014,5235
Kazakhstan,2014,369
Kenya,2014,64.72195435
Kyrgyz Republic,2014,100
Cambodia,2014,69.01600647
Kiribati,2014,147
St. Kitts and Nevis,2014,867.3771362
"Korea, Rep.",2014,1553.328247
Kuwait,2014,1196.207153
Latin America & Caribbean (excluding high income),2014,706.2234081
Lao PDR,2014,32.51623917
Lebanon,2014,595.3667603
Liberia,2014,50.35652542
St. Lucia,2014,454.5605774
Latin America & Caribbean,2014,722.1256656
Least developed countries: UN classification,2014,38.6157678
Low income,2014,36.81899466
Sri Lanka,2014,111
Lower middle income,2014,65.00884708
Low & middle income,2014,205.9214859
Lesotho,2014,124.8553085
Late-demographic dividend,2014,415.6257454
Lithuania,2014,897
Luxembourg,2014,6029
Latvia,2014,746
Morocco,2014,172.0593872
Monaco,2014,7871.212402
Moldova,2014,224
Madagascar,2014,19.71853828
Maldives,2014,646
Middle East & North Africa,2014,399.7359172
Mexico,2014,587.8284302
Marshall Islands,2014,452.0671387
Middle income,2014,221.8664659
North Macedonia,2014,307
Mali,2014,28.26848984
Malta,2014,1899
Myanmar,2014,37
Middle East & North Africa (excluding high income),2014,256.1980977
Montenegro,2014,536
Mongolia,2014,169.8409576
Mozambique,2014,35.03115845
Mauritania,2014,49.02023697
Mauritius,2014,387.2303772
Malawi,2014,32.80570221
Malaysia,2014,371.7933044
North America,2014,8001.971828
Namibia,2014,557.5895996
Niger,2014,22.56604767
Nigeria,2014,91.06047821
Nicaragua,2014,130.779007
Netherlands,2014,5285
Norway,2014,8970
Nepal,2014,34
Nauru,2014,859.048645
New Zealand,2014,3856.173096
OECD members,2014,4356.937316
Oman,2014,562.9465942
Other small states,2014,734.0225227
Pakistan,2014,26.2887764
Panama,2014,725.8637695
Peru,2014,307.3185425
Philippines,2014,112
Palau,2014,1377.391357
Papua New Guinea,2014,70.75683594
Poland,2014,815
Pre-demographic dividend,2014,62.70154443
Portugal,2014,1980
Paraguay,2014,367.1484985
Pacific island small states,2014,173.3372006
Post-demographic dividend,2014,5109.927474
Qatar,2014,1713.980347
Romania,2014,402
Russian Federation,2014,759
Rwanda,2014,57.216465
South Asia,2014,44.81510575
Saudi Arabia,2014,959.8308106
Sudan,2014,79.18972778
Senegal,2014,56.95115662
Singapore,2014,1824.979248
Solomon Islands,2014,101.7683563
Sierra Leone,2014,50.08378601
El Salvador,2014,298.7254028
San Marino,2014,4353.614746
Serbia,2014,559.9053955
Sub-Saharan Africa (excluding high income),2014,93.44877744
Sub-Saharan Africa,2014,93.49812055
Small states,2014,635.0921536
Sao Tome and Principe,2014,86.12266541
Suriname,2014,409.3456421
Slovak Republic,2014,1319
Slovenia,2014,1975
Sweden,2014,6254
Eswatini,2014,343.8296814
Seychelles,2014,599.8197022
Syrian Arab Republic,2014,63.13696671
Chad,2014,37.49700546
East Asia & Pacific (IDA & IBRD countries),2014,234.5371801
Europe & Central Asia (IDA & IBRD countries),2014,532.669273
Togo,2014,36.26974869
Thailand,2014,202.520874
Tajikistan,2014,57
Turkmenistan,2014,307.661377
Latin America & the Caribbean (IDA & IBRD countries),2014,724.0487093
Timor-Leste,2014,71.29358673
Middle East & North Africa (IDA & IBRD countries),2014,256.1980977
Tonga,2014,207.0079651
South Asia (IDA & IBRD),2014,44.81510575
Sub-Saharan Africa (IDA & IBRD countries),2014,93.49812055
Trinidad and Tobago,2014,878.4552612
Tunisia,2014,266.3058472
Turkiye,2014,520
Tuvalu,2014,492.8399353
Tanzania,2014,41.63511276
Uganda,2014,55.14218903
Ukraine,2014,276
Upper middle income,2014,378.4748869
Uruguay,2014,1332.751221
United States,2014,8274.37207
Uzbekistan,2014,127
St. Vincent and the Grenadines,2014,300.5845642
Viet Nam,2014,109.5506668
Vanuatu,2014,114.3826065
World,2014,987.7303741
Samoa,2014,195.3987427
"Yemen, Rep.",2014,70.12895966
South Africa,2014,654.2546997
Zambia,2014,69.96878815
Zimbabwe,2014,89.26095581
Africa Eastern and Southern,2015,108.3351447
Afghanistan,2015,56.30554199
Africa Western and Central,2015,77.14225
Angola,2015,142.8861694
Albania,2015,278.042511
Andorra,2015,3041.841553
Arab World,2015,328.0384715
United Arab Emirates,2015,1601.552856
Argentina,2015,1415.210083
Armenia,2015,396
Antigua and Barbuda,2015,735.4927979
Australia,2015,5843.173828
Austria,2015,5235
Azerbaijan,2015,249
Burundi,2015,20.8417263
Belgium,2015,4954.924316
Benin,2015,34.83580017
Burkina Faso,2015,42.40937042
Bangladesh,2015,27.40725899
Bulgaria,2015,547
Bahrain,2015,1111.218262
"Bahamas, The",2015,1532.229614
Bosnia and Herzegovina,2015,474
Belarus,2015,444
Belize,2015,261.2244873
Bolivia,2015,159.0892181
Brazil,2015,977.8168945
Barbados,2015,1249.765747
Brunei Darussalam,2015,834.3091431
Bhutan,2015,85.9859848
Botswana,2015,418.3235169
Central African Republic,2015,16.78926849
Canada,2015,5483.255859
Central Europe and the Baltics,2015,910.7821199
Switzerland,2015,9118.189453
Chile,2015,1183.62085
China,2015,329.7810669
Cote d'Ivoire,2015,71.52493286
Cameroon,2015,56.61405563
"Congo, Dem. Rep.",2015,15.86667633
"Congo, Rep.",2015,72.29035187
Colombia,2015,579.8796387
Comoros,2015,81.4433136
Cabo Verde,2015,181.2954865
Costa Rica,2015,816.8787231
Caribbean small states,2015,592.8297389
Cuba,2015,710.793396
Cyprus,2015,1916
Czechia,2015,1514.014038
Germany,2015,5100.152344
Djibouti,2015,61.38714981
Dominica,2015,387.0828857
Denmark,2015,6334
Dominican Republic,2015,303.3797913
Algeria,2015,333.1602783
East Asia & Pacific (excluding high income),2015,265.0631401
Early-demographic dividend,2015,167.204137
East Asia & Pacific,2015,604.7535361
Europe & Central Asia (excluding high income),2015,368.2305974
Europe & Central Asia,2015,2378.017479
Ecuador,2015,416.3429565
"Egypt, Arab Rep.",2015,142.5976868
Euro area,2015,3979.128208
Eritrea,2015,29.52669525
Spain,2015,2629.466797
Estonia,2015,1194.862061
Ethiopia,2015,19.53577042
European Union,2015,3462.301789
Fragile and conflict affected situations,2015,81.29210762
Finland,2015,4892
Fiji,2015,159.0212402
France,2015,4884.766602
"Micronesia, Fed. Sts.",2015,353.2251282
Gabon,2015,262.7824402
United Kingdom,2015,4304.478027
Georgia,2015,358
Ghana,2015,104.8143082
Guinea,2015,26.22439003
"Gambia, The",2015,25.33724403
Guinea-Bissau,2015,46.01106644
Equatorial Guinea,2015,289.6793518
Greece,2015,1832.029663
Grenada,2015,405.3950195
Guatemala,2015,198.3376617
Guyana,2015,212.0263519
High income,2015,4433.310374
Honduras,2015,175.01651
Heavily indebted poor countries (HIPC),2015,49.03674641
Croatia,2015,890
Haiti,2015,59.15798187
Hungary,2015,991
IBRD only,2015,305.6618015
IDA & IBRD total,2015,244.3768387
IDA total,2015,54.91988429
IDA blend,2015,69.69534375
Indonesia,2015,103.3793182
IDA only,2015,47.08475809
India,2015,56
Ireland,2015,5313.709473
"Iran, Islamic Rep.",2015,408.3304443
Iraq,2015,185.7355652
Iceland,2015,4069
Israel,2015,2681
Italy,2015,3149
Jamaica,2015,254.8423462
Jordan,2015,320.8673096
Japan,2015,4358
Kazakhstan,2015,363
Kenya,2015,67.89151001
Kyrgyz Republic,2015,105
Cambodia,2015,72.11994934
Kiribati,2015,155
St. Kitts and Nevis,2015,924.614624
"Korea, Rep.",2015,1682.763916
Kuwait,2015,1188.282837
Latin America & Caribbean (excluding high income),2015,735.5424317
Lao PDR,2015,43.56784058
Lebanon,2015,583.4765015
Liberia,2015,48.74785614
St. Lucia,2015,481.9177246
Latin America & Caribbean,2015,754.8300927
Least developed countries: UN classification,2015,42.37548285
Low income,2015,39.15024235
Sri Lanka,2015,135
Lower middle income,2015,71.10161294
Low & middle income,2015,221.1037708
Lesotho,2015,130.4420776
Late-demographic dividend,2015,454.9451286
Lithuania,2015,959
Luxembourg,2015,6357
Latvia,2015,807
Morocco,2015,179.734848
Monaco,2015,8460.787109
Moldova,2015,232
Madagascar,2015,19.75903702
Maldives,2015,671
Middle East & North Africa,2015,418.3751927
Mexico,2015,631.213501
Marshall Islands,2015,485.2216797
Middle income,2015,237.7488561
North Macedonia,2015,346
Mali,2015,30.89883041
Malta,2015,2121
Myanmar,2015,37
Middle East & North Africa (excluding high income),2015,246.2596705
Montenegro,2015,596
Mongolia,2015,180.8419952
Mozambique,2015,41.17826843
Mauritania,2015,55.34606934
Mauritius,2015,440.102356
Malawi,2015,39.87806702
Malaysia,2015,382.191864
North America,2015,8138.932141
Namibia,2015,495.1951294
Niger,2015,24.43749619
Nigeria,2015,100.817009
Nicaragua,2015,137.0984192
Netherlands,2015,5533
Norway,2015,9241
Nepal,2015,35
Nauru,2015,818.1156006
New Zealand,2015,4014.974609
OECD members,2015,4376.550817
Oman,2015,590.3643799
Other small states,2015,779.8521633
Pakistan,2015,28.99807739
Panama,2015,806.5855103
Peru,2015,320.3164978
Philippines,2015,122
Palau,2015,1520.320557
Papua New Guinea,2015,77.2843399
Poland,2015,878
Pre-demographic dividend,2015,69.18861358
Portugal,2015,2031
Paraguay,2015,390.2868652
Pacific island small states,2015,179.1517854
Post-demographic dividend,2015,5129.951457
Qatar,2015,2027.014404
Romania,2015,495
Russian Federation,2015,809
Rwanda,2015,47.7094574
South Asia,2015,51.04741286
Saudi Arabia,2015,1059.094238
Sudan,2015,102.3559113
Senegal,2015,61.02893066
Singapore,2015,2069.367432
Solomon Islands,2015,101.106247
Sierra Leone,2015,81.8790741
El Salvador,2015,321.8266296
San Marino,2015,4154.929688
Serbia,2015,627.53302
Sub-Saharan Africa (excluding high income),2015,95.31674191
Sub-Saharan Africa,2015,95.36388972
Small states,2015,670.2606339
Sao Tome and Principe,2015,124.0971375
Suriname,2015,438.4119263
Slovak Republic,2015,1370
Slovenia,2015,2055
Sweden,2015,6697
Eswatini,2015,306.5707703
Seychelles,2015,583.3835449
Chad,2015,39.97917175
East Asia & Pacific (IDA & IBRD countries),2015,265.0773213
Europe & Central Asia (IDA & IBRD countries),2015,567.2917457
Togo,2015,40.56192398
Thailand,2015,208.6084442
Tajikistan,2015,68
Turkmenistan,2015,363.1092224
Latin America & the Caribbean (IDA & IBRD countries),2015,755.1831651
Timor-Leste,2015,102.5452957
Middle East & North Africa (IDA & IBRD countries),2015,246.2596705
Tonga,2015,163.8098145
South Asia (IDA & IBRD),2015,51.04741286
Sub-Saharan Africa (IDA & IBRD countries),2015,95.36388972
Trinidad and Tobago,2015,951.9816284
Tunisia,2015,280.6422119
Turkiye,2015,547
Tuvalu,2015,507.157196
Tanzania,2015,43.09357452
Uganda,2015,53.0015564
Ukraine,2015,281
Upper middle income,2015,405.2990361
Uruguay,2015,1500.727173
United States,2015,8433.698242
Uzbekistan,2015,140
St. Vincent and the Grenadines,2015,301.9335632
Viet Nam,2015,104.4619141
Vanuatu,2015,126.3875351
World,2015,1002.384406
Samoa,2015,245.2074585
"Yemen, Rep.",2015,74.30075836
South Africa,2015,602.6763916
Zambia,2015,84.19036102
Zimbabwe,2015,100.1369324
Africa Eastern and Southern,2016,101.8234393
Afghanistan,2016,60.18957901
Africa Western and Central,2016,80.02705502
Angola,2016,130.7423401
Albania,2016,295.1235962
Andorra,2016,3089.843018
Arab World,2016,355.1657858
United Arab Emirates,2016,1656.268921
Argentina,2016,1280.614868
Armenia,2016,409
Antigua and Barbuda,2016,822.3922119
Australia,2016,6130.998535
Austria,2016,5394
Azerbaijan,2016,277
Burundi,2016,18.59082222
Belgium,2016,5080.125
Benin,2016,33.67948914
Burkina Faso,2016,38.37065506
Bangladesh,2016,30.29579544
Bulgaria,2016,605
Bahrain,2016,1123.626953
"Bahamas, The",2016,1590.949951
Bosnia and Herzegovina,2016,492
Belarus,2016,438
Belize,2016,296.2493897
Bolivia,2016,178.2088013
Brazil,2016,1013.56842
Barbados,2016,1179.065186
Brunei Darussalam,2016,785.590271
Bhutan,2016,86.81033325
Botswana,2016,402.4575806
Central African Republic,2016,18.02748299
Canada,2016,5231.736328
Central Europe and the Baltics,2016,931.2483852
Switzerland,2016,9307.96875
Chile,2016,1150.061646
China,2016,363.0093994
Cote d'Ivoire,2016,79.31149292
Cameroon,2016,61.80369186
"Congo, Dem. Rep.",2016,18.79024887
"Congo, Rep.",2016,71.47676086
Colombia,2016,586.8764038
Comoros,2016,84.27106476
Cabo Verde,2016,181.4419556
Costa Rica,2016,822.9100342
Caribbean small states,2016,600.8281205
Cuba,2016,864.1555786
Cyprus,2016,1874
Czechia,2016,1516.056274
Germany,2016,5309.154785
Djibouti,2016,66.44046021
Dominica,2016,394.6729431
Denmark,2016,6467
Dominican Republic,2016,313.4575195
Algeria,2016,361.1594238
East Asia & Pacific (excluding high income),2016,288.7381388
Early-demographic dividend,2016,166.5116435
East Asia & Pacific,2016,619.2422152
Europe & Central Asia (excluding high income),2016,346.4861057
Europe & Central Asia,2016,2426.12031
Ecuador,2016,435.5133057
"Egypt, Arab Rep.",2016,158.2058106
Euro area,2016,4067.477789
Eritrea,2016,31.54170799
Spain,2016,2679.476563
Estonia,2016,1287.76123
Ethiopia,2016,21.90294838
European Union,2016,3538.024579
Fragile and conflict affected situations,2016,80.31990265
Finland,2016,4923
Fiji,2016,178.7059937
France,2016,4980.814941
"Micronesia, Fed. Sts.",2016,343.0076294
Gabon,2016,234.4215241
United Kingdom,2016,4697.760254
Georgia,2016,369
Ghana,2016,78.03632355
Guinea,2016,37.0862999
"Gambia, The",2016,17.14346313
Guinea-Bissau,2016,64.91837311
Equatorial Guinea,2016,294.7608948
Greece,2016,1700.494385
Grenada,2016,368.8138428
Guatemala,2016,216.795044
Guyana,2016,216.9332428
High income,2016,4558.419309
Honduras,2016,171.3048096
Heavily indebted poor countries (HIPC),2016,49.49281274
Croatia,2016,909
Haiti,2016,64.86157227
Hungary,2016,1006
IBRD only,2016,312.5577907
IDA & IBRD total,2016,249.5876159
IDA total,2016,57.18851496
IDA blend,2016,73.2285071
Indonesia,2016,103.0588379
IDA only,2016,48.70748365
India,2016,57
Ireland,2016,5316.269531
"Iran, Islamic Rep.",2016,375.284668
Iraq,2016,178.0239563
Iceland,2016,4488
Israel,2016,2816
Italy,2016,3154
Jamaica,2016,257.846344
Jordan,2016,306.806427
Japan,2016,4122
Kazakhstan,2016,374
Kenya,2016,73.19489288
Kyrgyz Republic,2016,95
Cambodia,2016,73.5883255
Kiribati,2016,156
St. Kitts and Nevis,2016,947.6332398
"Korea, Rep.",2016,1880.442017
Kuwait,2016,1260.875244
Latin America & Caribbean (excluding high income),2016,741.0825301
Lao PDR,2016,45.61304092
Lebanon,2016,576.6546021
Liberia,2016,59.98974228
St. Lucia,2016,462.7443848
Latin America & Caribbean,2016,759.8048746
Least developed countries: UN classification,2016,44.41347473
Low income,2016,40.86819808
Sri Lanka,2016,135
Lower middle income,2016,73.3700101
Low & middle income,2016,228.4719497
Lesotho,2016,120.4721375
Late-demographic dividend,2016,477.3470251
Lithuania,2016,1021
Luxembourg,2016,6547
Latvia,2016,857
Morocco,2016,188.4002075
Monaco,2016,8682.369141
Moldova,2016,231
Madagascar,2016,23.07670021
Maldives,2016,702
Middle East & North Africa,2016,439.3000853
Mexico,2016,615.1031494
Marshall Islands,2016,476.7737427
Middle income,2016,245.9336939
North Macedonia,2016,339
Mali,2016,36.67969894
Malta,2016,2456
Myanmar,2016,54
Middle East & North Africa (excluding high income),2016,246.1723762
Montenegro,2016,579
Mongolia,2016,177.3183441
Mozambique,2016,43.08488846
Mauritania,2016,59.37288666
Mauritius,2016,544.3952637
Malawi,2016,35.64556885
Malaysia,2016,415.6535339
North America,2016,8468.273667
Namibia,2016,466.1987915
Niger,2016,24.89271736
Nigeria,2016,106.1196442
Nicaragua,2016,152.6446991
Netherlands,2016,5602
Norway,2016,9118
Nepal,2016,42
Nauru,2016,746.3569946
New Zealand,2016,4192.743652
OECD members,2016,4495.359289
Oman,2016,725.4089966
Other small states,2016,815.2301663
Pakistan,2016,33.04523849
Panama,2016,920.0765991
Peru,2016,331.7809143
Philippines,2016,109
Palau,2016,1675.826172
Papua New Guinea,2016,89.70458221
Poland,2016,911
Pre-demographic dividend,2016,70.55554783
Portugal,2016,2060
Paraguay,2016,439.344696
Pacific island small states,2016,187.6443216
Post-demographic dividend,2016,5285.134101
Qatar,2016,2256.388672
Romania,2016,503
Russian Federation,2016,740
Rwanda,2016,50.62351608
South Asia,2016,52.71638161
Saudi Arabia,2016,1230.845337
Sudan,2016,93.15203094
Senegal,2016,62.2051239
Singapore,2016,2188.335205
Solomon Islands,2016,109.27742
Sierra Leone,2016,138.2906494
El Salvador,2016,312.8674622
San Marino,2016,4161.486816
Serbia,2016,608.8585815
Sub-Saharan Africa (excluding high income),2016,92.70862354
Sub-Saharan Africa,2016,92.7618346
Small states,2016,697.9159344
Sao Tome and Principe,2016,118.9305573
Suriname,2016,445.3576355
Slovak Republic,2016,1289
Slovenia,2016,2062
Sweden,2016,6606
Eswatini,2016,285.0514221
Seychelles,2016,650.0936279
Chad,2016,43.6758728
East Asia & Pacific (IDA & IBRD countries),2016,288.7529166
Europe & Central Asia (IDA & IBRD countries),2016,537.3003439
Togo,2016,43.02396011
Thailand,2016,214.5243378
Tajikistan,2016,74
Turkmenistan,2016,422.5318909
Latin America & the Caribbean (IDA & IBRD countries),2016,757.1584067
Timor-Leste,2016,92.87577057
Middle East & North Africa (IDA & IBRD countries),2016,246.1723762
Tonga,2016,202.6357727
South Asia (IDA & IBRD),2016,52.71638161
Sub-Saharan Africa (IDA & IBRD countries),2016,92.7618346
Trinidad and Tobago,2016,990.2513428
Tunisia,2016,283.7175293
Turkiye,2016,520
Tuvalu,2016,522.539978
Tanzania,2016,39.47782898
Uganda,2016,51.04053879
Ukraine,2016,213
Upper middle income,2016,420.6648198
Uruguay,2016,1480.019897
United States,2016,8828.476563
Uzbekistan,2016,118
St. Vincent and the Grenadines,2016,301.0755615
Viet Nam,2016,120.0268784
Vanuatu,2016,104.3391724
World,2016,1026.081445
Samoa,2016,245.9445648
"Yemen, Rep.",2016,75.41601563
South Africa,2016,547.8344116
Zambia,2016,66.04714203
Zimbabwe,2016,114.4442978
Africa Eastern and Southern,2017,93.7748478
Afghanistan,2017,60.05854034
Africa Western and Central,2017,71.6926286
Angola,2017,107.6435623
Albania,2017,255.3563538
Andorra,2017,2688.206299
Arab World,2017,337.7537561
United Arab Emirates,2017,1439.300537
Argentina,2017,1525.053101
Armenia,2017,371
Antigua and Barbuda,2017,784.6453857
Australia,2017,5322.971191
Austria,2017,4613
Azerbaijan,2017,234
Burundi,2017,18.2036705
Belgium,2017,4442.401367
Benin,2017,28.41767883
Burkina Faso,2017,32.44025803
Bangladesh,2017,33.53680038
Bulgaria,2017,521
Bahrain,2017,1134.46167
"Bahamas, The",2017,1558.798828
Bosnia and Herzegovina,2017,430
Belarus,2017,353
Belize,2017,285.8498535
Bolivia,2017,194.9240112
Brazil,2017,782.5229492
Barbados,2017,1158.393066
Brunei Darussalam,2017,732.394165
Bhutan,2017,96.52057648
Botswana,2017,358.2232056
Central African Republic,2017,17.71483231
Canada,2017,4677.830078
Central Europe and the Baltics,2017,815.751644
Switzerland,2017,9082.450195
Chile,2017,1133.279785
China,2017,393.7799072
Cote d'Ivoire,2017,62.51667023
Cameroon,2017,50.31904221
"Congo, Dem. Rep.",2017,19.13417244
"Congo, Rep.",2017,57.67850113
Colombia,2017,468.6054382
Comoros,2017,60.86703491
Cabo Verde,2017,139.4853668
Costa Rica,2017,875.3497315
Caribbean small states,2017,611.0652039
Cuba,2017,985.4190064
Cyprus,2017,1596
Czechia,2017,1314.83728
Germany,2017,4627.35791
Djibouti,2017,80.65351105
Dominica,2017,398.5212402
Denmark,2017,5532
Dominican Republic,2017,322.9460754
Algeria,2017,292.275177
East Asia & Pacific (excluding high income),2017,308.6512277
Early-demographic dividend,2017,164.8971877
East Asia & Pacific,2017,605.8202296
Europe & Central Asia (excluding high income),2017,295.225495
Europe & Central Asia,2017,2099.721385
Ecuador,2017,466.2375183
"Egypt, Arab Rep.",2017,173.5194397
Euro area,2017,3496.661505
Eritrea,2017,26.82466125
Spain,2017,2349.09375
Estonia,2017,1156.202759
Ethiopia,2017,23.53430557
European Union,2017,3044.856649
Fragile and conflict affected situations,2017,72.16346683
Finland,2017,4128
Fiji,2017,169.7298126
France,2017,4201.781738
"Micronesia, Fed. Sts.",2017,359.7853699
Gabon,2017,188.4241791
United Kingdom,2017,4433.858398
Georgia,2017,294
Ghana,2017,77.74266815
Guinea,2017,43.94221497
"Gambia, The",2017,19.42744446
Guinea-Bissau,2017,52.38645935
Equatorial Guinea,2017,229.1193543
Greece,2017,1481.419678
Grenada,2017,389.3938294
Guatemala,2017,233.4156647
Guyana,2017,228.0209503
High income,2017,4381.379319
Honduras,2017,168.9259338
Heavily indebted poor countries (HIPC),2017,46.9278767
Croatia,2017,796
Haiti,2017,68.24273682
Hungary,2017,871
IBRD only,2017,297.6052065
IDA & IBRD total,2017,237.3588869
IDA total,2017,55.44992728
IDA blend,2017,69.68414395
Indonesia,2017,97.16175842
IDA only,2017,47.95060502
India,2017,58
Ireland,2017,4575.944824
"Iran, Islamic Rep.",2017,384.2598572
Iraq,2017,148.3005981
Iceland,2017,4270
Israel,2017,2661
Italy,2017,2676
Jamaica,2017,285.59729
Jordan,2017,303.2345276
Japan,2017,3755
Kazakhstan,2017,314
Kenya,2017,71.3065033
Kyrgyz Republic,2017,81
Cambodia,2017,72.51950836
Kiribati,2017,118
St. Kitts and Nevis,2017,1026.508057
"Korea, Rep.",2017,1894.347534
Kuwait,2017,1235.618896
Latin America & Caribbean (excluding high income),2017,655.883608
Lao PDR,2017,52.15144348
Lebanon,2017,578.645813
Liberia,2017,70.18363953
St. Lucia,2017,464.5744324
Latin America & Caribbean,2017,678.2960929
Least developed countries: UN classification,2017,43.21608971
Low income,2017,38.83629122
Sri Lanka,2017,147
Lower middle income,2017,73.59733472
Low & middle income,2017,223.2127128
Lesotho,2017,104.4047089
Late-demographic dividend,2017,449.5103928
Lithuania,2017,920
Luxembourg,2017,5422
Latvia,2017,776
Morocco,2017,162.5098114
Monaco,2017,7347.916992
Moldova,2017,186
Madagascar,2017,22.81040573
Maldives,2017,823
Middle East & North Africa,2017,421.9023952
Mexico,2017,558.1651001
Marshall Islands,2017,571.2527466
Middle income,2017,240.6714457
North Macedonia,2017,303
Mali,2017,29.7465477
Malta,2017,2243
Myanmar,2017,63
Middle East & North Africa (excluding high income),2017,236.724193
Montenegro,2017,577
Mongolia,2017,165.8491516
Mozambique,2017,39.91206741
Mauritania,2017,57.40904617
Mauritius,2017,515.3724365
Malawi,2017,35.27587891
Malaysia,2017,370.7195435
North America,2017,8791.052761
Namibia,2017,495.6297913
Niger,2017,25.72568893
Nigeria,2017,96.28328705
Nicaragua,2017,161.2770081
Netherlands,2017,4677
Norway,2017,7566
Nepal,2017,47
Nauru,2017,959.4884644
New Zealand,2017,3600.956299
OECD members,2017,4330.852835
Oman,2017,765.7853394
Other small states,2017,758.8004254
Pakistan,2017,35.0121994
Panama,2017,982.7939453
Peru,2017,310.266449
Philippines,2017,116
Palau,2017,1809.500122
Papua New Guinea,2017,45.50782776
Poland,2017,804
Pre-demographic dividend,2017,63.39364845
Portugal,2017,1791
Paraguay,2017,392.2241821
Pacific island small states,2017,181.4589095
Post-demographic dividend,2017,5115.988655
Qatar,2017,2435.445068
Romania,2017,442
Russian Federation,2017,499
Rwanda,2017,48.80509567
South Asia,2017,54.23543233
Saudi Arabia,2017,1198.336304
Sudan,2017,98.24565125
Senegal,2017,54.20389557
Singapore,2017,2279.01709
Solomon Islands,2017,94.91165924
Sierra Leone,2017,114.1648254
El Salvador,2017,329.4425049
San Marino,2017,3564.852539
Serbia,2017,491.25177
Sub-Saharan Africa (excluding high income),2017,84.54966659
Sub-Saharan Africa,2017,84.60089432
Small states,2017,659.1174506
Sao Tome and Principe,2017,84.50744629
Suriname,2017,517.3849487
Slovak Republic,2017,1109
Slovenia,2017,1776
Sweden,2017,5599
Eswatini,2017,252.6778259
Seychelles,2017,623.9987793
Chad,2017,35.03440857
East Asia & Pacific (IDA & IBRD countries),2017,308.6680148
Europe & Central Asia (IDA & IBRD countries),2017,418.1720512
Togo,2017,37.41205215
Thailand,2017,219.9191132
Tajikistan,2017,64
Turkmenistan,2017,390.9945068
Latin America & the Caribbean (IDA & IBRD countries),2017,671.6387831
Timor-Leste,2017,101.4206314
Middle East & North Africa (IDA & IBRD countries),2017,236.724193
Tonga,2017,169.9488831
South Asia (IDA & IBRD),2017,54.23543233
Sub-Saharan Africa (IDA & IBRD countries),2017,84.60089432
Trinidad and Tobago,2017,1039.057495
Tunisia,2017,246.107544
Turkiye,2017,447
Tuvalu,2017,457.8132629
Tanzania,2017,32.90985107
Uganda,2017,40.15630341
Ukraine,2017,158
Upper middle income,2017,410.9751429
Uruguay,2017,1410.321533
United States,2017,9248.93457
Uzbekistan,2017,132
St. Vincent and the Grenadines,2017,303.9425354
Viet Nam,2017,122.2721329
Vanuatu,2017,114.2602081
World,2017,984.059145
Samoa,2017,238.0906982
"Yemen, Rep.",2017,63.30020905
South Africa,2017,499.3633423
Zambia,2017,57.92047501
Zimbabwe,2017,105.0980301
Africa Eastern and Southern,2018,88.74456591
Afghanistan,2018,61.48645782
Africa Western and Central,2018,62.50616285
Angola,2018,94.1061554
Albania,2018,277.0432129
Andorra,2018,2755.448486
Arab World,2018,360.4705014
United Arab Emirates,2018,1599.402954
Argentina,2018,1258.307983
Armenia,2018,366
Antigua and Barbuda,2018,812.5109253
Australia,2018,5453.924805
Austria,2018,4710
Azerbaijan,2018,168
Burundi,2018,19.16795921
Belgium,2018,4542.794922
Benin,2018,29.34768677
Burkina Faso,2018,39.64500427
Bangladesh,2018,39.55920792
Bulgaria,2018,562
Bahrain,2018,1111.429932
"Bahamas, The",2018,1698.390015
Bosnia and Herzegovina,2018,449
Belarus,2018,291
Belize,2018,292.991272
Bolivia,2018,205.9224396
Brazil,2018,795.9379883
Barbados,2018,1185.163086
Brunei Darussalam,2018,681.9734497
Bhutan,2018,97.18308258
Botswana,2018,369.842041
Central African Republic,2018,20.25914001
Canada,2018,4667.703125
Central Europe and the Baltics,2018,852.6656508
Switzerland,2018,9078.758789
Chile,2018,1179.733643
China,2018,398.7892151
Cote d'Ivoire,2018,66.39353943
Cameroon,2018,51.2496109
"Congo, Dem. Rep.",2018,19.91032028
"Congo, Rep.",2018,54.67388153
Colombia,2018,447.0699463
Comoros,2018,63.14864731
Cabo Verde,2018,144.3252258
Costa Rica,2018,870.7384033
Caribbean small states,2018,604.8911963
Cuba,2018,984.2486572
Cyprus,2018,1649
Czechia,2018,1384.663574
Germany,2018,4746.870117
Djibouti,2018,69.79541779
Dominica,2018,421.3217773
Denmark,2018,5624
Dominican Republic,2018,329.1087952
Algeria,2018,261.400238
East Asia & Pacific (excluding high income),2018,313.9166169
Early-demographic dividend,2018,162.8700359
East Asia & Pacific,2018,639.3748678
Europe & Central Asia (excluding high income),2018,290.5573662
Europe & Central Asia,2018,2091.541129
Ecuador,2018,450.8292542
"Egypt, Arab Rep.",2018,145.2776947
Euro area,2018,3561.533119
Eritrea,2018,23.64590836
Spain,2018,2376.601074
Estonia,2018,1226.085938
Ethiopia,2018,24.67317772
European Union,2018,3106.870377
Fragile and conflict affected situations,2018,70.27688348
Finland,2018,4109
Fiji,2018,176.0686188
France,2018,4256.765625
"Micronesia, Fed. Sts.",2018,396.6298218
Gabon,2018,208.9052429
United Kingdom,2018,4017.342285
Georgia,2018,321
Ghana,2018,64.43041229
Guinea,2018,38.91920853
"Gambia, The",2018,20.47114944
Guinea-Bissau,2018,56.52604294
Equatorial Guinea,2018,229.7630615
Greece,2018,1513.259155
Grenada,2018,392.7798157
Guatemala,2018,246.1173096
Guyana,2018,237.3030548
High income,2018,4518.896679
Honduras,2018,176.973114
Heavily indebted poor countries (HIPC),2018,46.38486489
Croatia,2018,841
Haiti,2018,59.83052063
Hungary,2018,914
IBRD only,2018,295.8819204
IDA & IBRD total,2018,235.9339402
IDA total,2018,53.73094755
IDA blend,2018,64.74407892
Indonesia,2018,107.5287094
IDA only,2018,47.78483295
India,2018,60
Ireland,2018,4726.312988
"Iran, Islamic Rep.",2018,447.1392517
Iraq,2018,198.706192
Iceland,2018,5016
Israel,2018,2801
Italy,2018,2700
Jamaica,2018,286.3452148
Jordan,2018,279.2980652
Japan,2018,4200
Kazakhstan,2018,260
Kenya,2018,74.26567078
Kyrgyz Republic,2018,73
Cambodia,2018,78.35865784
Kiribati,2018,158
St. Kitts and Nevis,2018,1144.535645
"Korea, Rep.",2018,2008.098267
Kuwait,2018,1278.632446
Latin America & Caribbean (excluding high income),2018,623.9496592
Lao PDR,2018,54.51382828
Lebanon,2018,647.5651856
Liberia,2018,68.4992981
St. Lucia,2018,470.3751831
Latin America & Caribbean,2018,650.2161485
Least developed countries: UN classification,2018,42.72146123
Low income,2018,36.84033766
Sri Lanka,2018,149
Lower middle income,2018,73.27225537
Low & middle income,2018,222.1314412
Lesotho,2018,90.88587189
Late-demographic dividend,2018,453.400424
Lithuania,2018,989
Luxembourg,2018,5475
Latvia,2018,875
Morocco,2018,161.8278351
Monaco,2018,7189.657715
Moldova,2018,171
Madagascar,2018,24.77560616
Maldives,2018,993
Middle East & North Africa,2018,465.4873519
Mexico,2018,492.8739929
Marshall Islands,2018,654.5699463
Middle income,2018,238.9978413
North Macedonia,2018,323
Mali,2018,28.3053112
Malta,2018,2321
Myanmar,2018,59
Middle East & North Africa (excluding high income),2018,261.6462055
Montenegro,2018,596
Mongolia,2018,169.039856
Mozambique,2018,31.38208961
Mauritania,2018,48.89683914
Mauritius,2018,539.5122681
Malawi,2018,34.32816696
Malaysia,2018,353.6402893
North America,2018,9104.027874
Namibia,2018,430.2160645
Niger,2018,22.42886543
Nigeria,2018,78.23602295
Nicaragua,2018,167.3703613
Netherlands,2018,4644
Norway,2018,7497
Nepal,2018,47
Nauru,2018,957.2859497
New Zealand,2018,3739.401367
OECD members,2018,4457.84877
Oman,2018,713.3201904
Other small states,2018,795.7936334
Pakistan,2018,37.59899521
Panama,2018,1057.406616
Peru,2018,311.4351807
Philippines,2018,120
Palau,2018,1977.638306
Papua New Guinea,2018,54.36591339
Poland,2018,816
Pre-demographic dividend,2018,61.04014273
Portugal,2018,1875
Paraguay,2018,384.4470215
Pacific island small states,2018,187.9520735
Post-demographic dividend,2018,5284.127027
Qatar,2018,2075.419189
Romania,2018,476
Russian Federation,2018,465
Rwanda,2018,50.70415497
South Asia,2018,56.66043565
Saudi Arabia,2018,1243.941772
Sudan,2018,93.67060852
Senegal,2018,54.93520355
Singapore,2018,2450.901367
Solomon Islands,2018,96.68874359
Sierra Leone,2018,81.37689209
El Salvador,2018,337.2749023
San Marino,2018,3656.284912
Serbia,2018,486.4294434
Sub-Saharan Africa (excluding high income),2018,77.78629135
Sub-Saharan Africa,2018,77.84790315
Small states,2018,685.4007855
Sao Tome and Principe,2018,109.2252121
Suriname,2018,341.9154663
Slovak Republic,2018,1176
Slovenia,2018,1835
Sweden,2018,5681
Eswatini,2018,227.801651
Seychelles,2018,735.5704346
Chad,2018,33.10380936
East Asia & Pacific (IDA & IBRD countries),2018,313.9347556
Europe & Central Asia (IDA & IBRD countries),2018,407.802325
Togo,2018,51.94157028
Thailand,2018,230.6077423
Tajikistan,2018,56
Turkmenistan,2018,408.1997681
Latin America & the Caribbean (IDA & IBRD countries),2018,642.9835018
Timor-Leste,2018,92.97782898
Middle East & North Africa (IDA & IBRD countries),2018,261.6462055
Tonga,2018,191.9367218
South Asia (IDA & IBRD),2018,56.66043565
Sub-Saharan Africa (IDA & IBRD countries),2018,77.84790315
Trinidad and Tobago,2018,1041.016235
Tunisia,2018,237.1728363
Turkiye,2018,460
Tuvalu,2018,714.2407837
Tanzania,2018,36.26340103
Uganda,2018,39.13254166
Ukraine,2018,157
Upper middle income,2018,409.0958194
Uruguay,2018,1454.547119
United States,2018,9599.890625
Uzbekistan,2018,129
St. Vincent and the Grenadines,2018,314.8049011
Viet Nam,2018,134.4454804
Vanuatu,2018,80.8219223
World,2018,1006.46506
Samoa,2018,235.7302094
South Africa,2018,463.344635
Zambia,2018,55.87984467
Zimbabwe,2018,106.1896973
Africa Eastern and Southern,2019,92.93286295
Afghanistan,2019,66.90921783
Africa Western and Central,2019,60.64952524
Angola,2019,112.851471
Albania,2019,297.4619751
Andorra,2019,2873.296143
Arab World,2019,352.2453843
United Arab Emirates,2019,1726.240723
Argentina,2019,1494.83606
Armenia,2019,419
Antigua and Barbuda,2019,785.4710083
Australia,2019,5813.61377
Austria,2019,4939
Azerbaijan,2019,165
Burundi,2019,19.77140808
Belgium,2019,4782.646973
Benin,2019,29.22344017
Burkina Faso,2019,43.07155609
Bangladesh,2019,42.27734375
Bulgaria,2019,625
Bahrain,2019,1098.743286
"Bahamas, The",2019,2076.141602
Bosnia and Herzegovina,2019,470
Belarus,2019,325
Belize,2019,281.6338501
Bolivia,2019,212.8791351
Brazil,2019,937.3428955
Barbados,2019,1186.169678
Brunei Darussalam,2019,639.9196777
Bhutan,2019,103.3909073
Botswana,2019,444.5560303
Central African Republic,2019,27.64416504
Canada,2019,4920.728516
Central Europe and the Baltics,2019,939.0303724
Switzerland,2019,9119.969727
Chile,2019,1367.716431
China,2019,440.588501
Cote d'Ivoire,2019,68.61872864
Cameroon,2019,50.27867889
"Congo, Dem. Rep.",2019,18.74936485
"Congo, Rep.",2019,52.68054199
Colombia,2019,495.2702637
Comoros,2019,74.52148438
Cabo Verde,2019,165.0376282
Costa Rica,2019,853.7504883
Caribbean small states,2019,660.5517113
Cuba,2019,980.0921631
Cyprus,2019,1773
Czechia,2019,1525.3479
Germany,2019,5070.195801
Djibouti,2019,65.55883026
Dominica,2019,404.6090393
Denmark,2019,5834
Dominican Republic,2019,337.6092529
Algeria,2019,265.8384399
East Asia & Pacific (excluding high income),2019,344.2002206
Early-demographic dividend,2019,168.3711486
East Asia & Pacific,2019,671.9870626
Europe & Central Asia (excluding high income),2019,290.6137834
Europe & Central Asia,2019,2188.058845
Ecuador,2019,470.8032837
"Egypt, Arab Rep.",2019,107.9884796
Euro area,2019,3753.006727
Eritrea,2019,22.35861588
Spain,2019,2524.684814
Estonia,2019,1350.126465
Ethiopia,2019,24.51061249
European Union,2019,3281.333019
Fragile and conflict affected situations,2019,68.75899817
Finland,2019,4236
Fiji,2019,185.6439209
France,2019,4410.599121
"Micronesia, Fed. Sts.",2019,405.3110352
Gabon,2019,193.9759216
United Kingdom,2019,3910.814209
Georgia,2019,304
Ghana,2019,74.56986237
Guinea,2019,33.02272034
"Gambia, The",2019,21.2003746
Guinea-Bissau,2019,54.74217224
Equatorial Guinea,2019,231.0456543
Greece,2019,1509.784546
Grenada,2019,433.4851379
Guatemala,2019,265.1839905
Guyana,2019,268.69104
High income,2019,4686.017294
Honduras,2019,168.3921661
Heavily indebted poor countries (HIPC),2019,45.94984535
Croatia,2019,903
Haiti,2019,53.5790062
Hungary,2019,985
IBRD only,2019,324.4047403
IDA & IBRD total,2019,256.1484427
IDA total,2019,52.71808642
IDA blend,2019,62.0918949
Indonesia,2019,111.5139618
IDA only,2019,47.73038822
India,2019,57
Ireland,2019,5010.256348
"Iran, Islamic Rep.",2019,466.9943237
Iraq,2019,195.8237305
Iceland,2019,5945
Israel,2019,3094
Italy,2019,2810
Jamaica,2019,324.2245178
Jordan,2019,289.5798035
Japan,2019,4148
Kazakhstan,2019,278
Kenya,2019,66.80448151
Kyrgyz Republic,2019,78
Cambodia,2019,79.16844177
Kiribati,2019,179
St. Kitts and Nevis,2019,1167.661011
"Korea, Rep.",2019,2220.564209
Kuwait,2019,1361.482788
Latin America & Caribbean (excluding high income),2019,704.7540024
Lao PDR,2019,61.60005188
Lebanon,2019,677.3743897
Liberia,2019,72.50897217
St. Lucia,2019,492.8301086
Latin America & Caribbean,2019,734.8991419
Least developed countries: UN classification,2019,43.04570501
Low income,2019,34.7203417
Sri Lanka,2019,146
Lower middle income,2019,71.26191915
Low & middle income,2019,238.8039689
Lesotho,2019,115.2077866
Late-demographic dividend,2019,508.3503888
Lithuania,2019,1083
Luxembourg,2019,5713
Latvia,2019,933
Morocco,2019,166.4662323
Monaco,2019,7219.591797
Moldova,2019,244
Madagascar,2019,24.17928314
Maldives,2019,933
Middle East & North Africa,2019,471.8890582
Mexico,2019,514.8897095
Marshall Islands,2019,646.2920532
Middle income,2019,258.1202576
North Macedonia,2019,345
Mali,2019,29.23488998
Malta,2019,2552
Myanmar,2019,59
Middle East & North Africa (excluding high income),2019,255.7200927
Montenegro,2019,612
Mongolia,2019,160.9210815
Mozambique,2019,36.26471329
Mauritania,2019,54.19649506
Mauritius,2019,594.6273193
Malawi,2019,37.93450165
Malaysia,2019,370.7184448
North America,2019,9399.397409
Namibia,2019,475.5820313
Niger,2019,28.69141388
Nigeria,2019,72.77430725
Nicaragua,2019,177.1500092
Netherlands,2019,4935
Norway,2019,7816
Nepal,2019,49
Nauru,2019,1092.876343
New Zealand,2019,3903.68042
OECD members,2019,4604.108158
Oman,2019,703.9379883
Other small states,2019,858.6417779
Pakistan,2019,43.41279984
Panama,2019,1127.688965
Peru,2019,333.1157532
Philippines,2019,122
Palau,2019,2036.630859
Papua New Guinea,2019,55.63466263
Poland,2019,910
Pre-demographic dividend,2019,58.86358105
Portugal,2019,1998
Paraguay,2019,405.5336609
Pacific island small states,2019,193.4357757
Post-demographic dividend,2019,5463.577401
Qatar,2019,1908.396606
Romania,2019,555
Russian Federation,2019,580
Rwanda,2019,48.34190369
South Asia,2019,55.44345051
Saudi Arabia,2019,1261.165283
Sudan,2019,71.14331818
Senegal,2019,57.67406845
Singapore,2019,2599.300049
Solomon Islands,2019,94.76846313
Sierra Leone,2019,45.5368042
El Salvador,2019,335.7371216
San Marino,2019,3706.970459
Serbia,2019,515.8458862
Sub-Saharan Africa (excluding high income),2019,79.60465569
South Sudan,2019,27.0063858
Sub-Saharan Africa,2019,79.66468655
Small states,2019,739.8430317
Sao Tome and Principe,2019,116.4938812
Suriname,2019,325.3764954
Slovak Republic,2019,1189
Slovenia,2019,1925
Sweden,2019,5838
Eswatini,2019,267.0704651
Seychelles,2019,736.6546021
Chad,2019,31.06099701
East Asia & Pacific (IDA & IBRD countries),2019,344.2191628
Europe & Central Asia (IDA & IBRD countries),2019,456.7512152
Togo,2019,52.88779449
Thailand,2019,247.9945374
Tajikistan,2019,58
Turkmenistan,2019,461.3667908
Latin America & the Caribbean (IDA & IBRD countries),2019,729.2578257
Timor-Leste,2019,86.74957275
Middle East & North Africa (IDA & IBRD countries),2019,255.7200927
Tonga,2019,212.5710297
South Asia (IDA & IBRD),2019,55.44345051
Sub-Saharan Africa (IDA & IBRD countries),2019,79.66468655
Trinidad and Tobago,2019,1058.943115
Tunisia,2019,220.8087006
Turkiye,2019,437
Tuvalu,2019,1014.10553
Tanzania,2019,38.65550995
Uganda,2019,31.47759247
Ukraine,2019,187
Upper middle income,2019,451.2286556
Uruguay,2019,1655.832397
United States,2019,9902.818359
Uzbekistan,2019,93
St. Vincent and the Grenadines,2019,338.2626953
Viet Nam,2019,149.3087921
Vanuatu,2019,83.77519226
World,2019,1043.941623
Samoa,2019,218.3733673
South Africa,2019,536.7772217
Zambia,2019,71.52032471
Zimbabwe,2019,92.25428772
Africa Eastern and Southern,2020,92.96425087
Afghanistan,2020,71.33430481
Africa Western and Central,2020,59.44377379
Angola,2020,83.89920044
Albania,2020,351.3012085
Andorra,2020,3164.388428
Arab World,2020,367.9762092
United Arab Emirates,2020,1914.931763
Argentina,2020,1216.106812
Armenia,2020,439
Antigua and Barbuda,2020,849.8334961
Australia,2020,5857.288086
Austria,2020,5337
Azerbaijan,2020,178
Burundi,2020,19.27294159
Belgium,2020,5176.983887
Benin,2020,34.44770432
Burkina Faso,2020,39.00283813
Bangladesh,2020,44.74491119
Bulgaria,2020,690
Bahrain,2020,1049.061279
"Bahamas, The",2020,1898.81311
Bosnia and Herzegovina,2020,528
Belarus,2020,342
Belize,2020,287.6029358
Bolivia,2020,229.2254028
Brazil,2020,863.2817383
Barbados,2020,1173.62854
Brunei Darussalam,2020,753.8118286
Bhutan,2020,101.6993332
Botswana,2020,419.6545105
Central African Republic,2020,49.17564392
Canada,2020,5080.323242
Central Europe and the Baltics,2020,1053.681819
Switzerland,2020,9212.432617
Chile,2020,1457.272827
China,2020,504.7997437
Cote d'Ivoire,2020,70.97071075
Cameroon,2020,57.7002182
"Congo, Dem. Rep.",2020,17.87852287
"Congo, Rep.",2020,47.67589569
Colombia,2020,517.1584473
Comoros,2020,74.43584442
Cabo Verde,2020,178.7783661
Costa Rica,2020,902.2211914
Caribbean small states,2020,668.8674461
Cuba,2020,973.1374512
Cyprus,2020,2021
Czechia,2020,1753.198975
Germany,2020,5511.214355
Djibouti,2020,64.47797394
Dominica,2020,484.5222168
Denmark,2020,6233
Dominican Republic,2020,327.9010925
Algeria,2020,266.4646912
East Asia & Pacific (excluding high income),2020,390.1529967
Early-demographic dividend,2020,167.3638919
East Asia & Pacific,2020,727.4112502
Europe & Central Asia (excluding high income),2020,285.3766946
Europe & Central Asia,2020,2340.778059
Ecuador,2020,494.7149048
"Egypt, Arab Rep.",2020,120.223259
Euro area,2020,4042.977625
Eritrea,2020,24.02440262
Spain,2020,2741.382568
Estonia,2020,1553.433472
Ethiopia,2020,23.84538269
European Union,2020,3537.574946
Fragile and conflict affected situations,2020,73.33408602
Finland,2020,4522
Fiji,2020,249.3664856
France,2020,4666.97998
"Micronesia, Fed. Sts.",2020,422.4463806
Gabon,2020,211.2257233
United Kingdom,2020,4226.205078
Georgia,2020,332
Ghana,2020,82.98774719
Guinea,2020,35.30637741
"Gambia, The",2020,22.84936142
Guinea-Bissau,2020,58.78644943
Equatorial Guinea,2020,248.6920013
Greece,2020,1603.077881
Grenada,2020,438.918396
Guatemala,2020,265.747345
Guyana,2020,298.9507446
High income,2020,4919.762529
Honduras,2020,177.6466675
Heavily indebted poor countries (HIPC),2020,45.76656655
Croatia,2020,1025
Haiti,2020,62.01782608
Hungary,2020,1080
IBRD only,2020,341.9371226
IDA & IBRD total,2020,268.7862344
IDA total,2020,52.24780803
IDA blend,2020,60.03823923
Indonesia,2020,111.9118729
IDA only,2020,48.11392024
India,2020,58
Ireland,2020,5187.057617
"Iran, Islamic Rep.",2020,478.3919067
Iraq,2020,231.0033112
Iceland,2020,6234
Israel,2020,3220
Italy,2020,3003
Jamaica,2020,333.8786926
Jordan,2020,289.5386047
Japan,2020,4288
Kazakhstan,2020,273
Kenya,2020,75.6592865
Kyrgyz Republic,2020,67
Cambodia,2020,93.01556396
Kiribati,2020,208
St. Kitts and Nevis,2020,1103.173706
"Korea, Rep.",2020,2501.139648
Kuwait,2020,1660.98645
Latin America & Caribbean (excluding high income),2020,664.2132465
Lao PDR,2020,57.35622025
Lebanon,2020,744.6105957
Liberia,2020,69.10813904
St. Lucia,2020,484.1549988
Latin America & Caribbean,2020,674.9370691
Least developed countries: UN classification,2020,42.03248406
Low income,2020,32.53224238
Sri Lanka,2020,159
Lower middle income,2020,72.92900467
Low & middle income,2020,250.5014848
Lesotho,2020,130.5711365
Late-demographic dividend,2020,552.4184976
Lithuania,2020,1249
Luxembourg,2020,6227
Latvia,2020,1101
Morocco,2020,175.2760315
Monaco,2020,7848.356445
Moldova,2020,276
Madagascar,2020,21.67276382
Maldives,2020,805
Middle East & North Africa,2020,495.4031301
Mexico,2020,530.6478272
Marshall Islands,2020,736.7741699
Middle income,2020,271.4941612
North Macedonia,2020,387
Mali,2020,31.96352005
Malta,2020,2754
Myanmar,2020,60
Middle East & North Africa (excluding high income),2020,267.9055475
Montenegro,2020,727
Mongolia,2020,188.8626556
Mozambique,2020,40.8117218
Mauritania,2020,55.62037659
Mauritius,2020,641.5615234
Malawi,2020,36.97562408
Malaysia,2020,416.3200073
North America,2020,9750.76703
Namibia,2020,472.9901428
Niger,2020,30.08619118
Nigeria,2020,65.70272064
Nicaragua,2020,168.4451294
Netherlands,2020,5331
Norway,2020,8272
Nepal,2020,50
Nauru,2020,1175.686768
New Zealand,2020,3957.86084
OECD members,2020,4820.207574
Oman,2020,639.3248901
Other small states,2020,921.9773497
Pakistan,2020,41.40914154
Panama,2020,1228.073364
Peru,2020,363.4248352
Philippines,2020,126
Palau,2020,2072.97583
Papua New Guinea,2020,59.45320129
Poland,2020,979
Pre-demographic dividend,2020,57.71067725
Portugal,2020,2216
Paraguay,2020,421.0862732
Pacific island small states,2020,219.6093833
Post-demographic dividend,2020,5737.311541
Qatar,2020,1962.58374
Romania,2020,687
Russian Federation,2020,609
Rwanda,2020,51.54394531
South Asia,2020,56.38839286
Saudi Arabia,2020,1291.128662
Sudan,2020,35.53091431
Senegal,2020,65.77828217
Singapore,2020,2641.506348
Solomon Islands,2020,92.47520447
Sierra Leone,2020,43.07834244
El Salvador,2020,345.0518189
San Marino,2020,4012.654053
Serbia,2020,617.086792
Sub-Saharan Africa (excluding high income),2020,79.12385402
South Sudan,2020,30.23945427
Sub-Saharan Africa,2020,79.18724914
Small states,2020,789.6762708
Sao Tome and Principe,2020,108.2802429
Suriname,2020,450.1607971
Slovak Republic,2020,1300
Slovenia,2020,2170
Sweden,2020,6005
Eswatini,2020,266.4542236
Seychelles,2020,784.7324219
Chad,2020,32.30886459
East Asia & Pacific (IDA & IBRD countries),2020,390.1720545
Europe & Central Asia (IDA & IBRD countries),2020,475.8373942
Togo,2020,53.81824493
Thailand,2020,275.6711121
Tajikistan,2020,60
Turkmenistan,2020,457.069458
Latin America & the Caribbean (IDA & IBRD countries),2020,668.7363965
Timor-Leste,2020,78.94738007
Middle East & North Africa (IDA & IBRD countries),2020,267.9055475
Tonga,2020,219.2879334
South Asia (IDA & IBRD),2020,56.38839286
Sub-Saharan Africa (IDA & IBRD countries),2020,79.18724914
Trinidad and Tobago,2020,1055.903564
Tunisia,2020,212.394165
Turkiye,2020,388
Tuvalu,2020,820.4006958
Tanzania,2020,40.83135605
Uganda,2020,32.99159622
Ukraine,2020,221
Upper middle income,2020,478.1554061
Uruguay,2020,1697.014526
United States,2020,10280.52637
Uzbekistan,2020,82
St. Vincent and the Grenadines,2020,357.3264771
"Venezuela, RB",2020,165.3209534
Viet Nam,2020,164.236496
Vanuatu,2020,102.075119
World,2020,1086.59818
Samoa,2020,198.3481598
South Africa,2020,570.0977783
Zambia,2020,70.36667633
Zimbabwe,2020,114.6329498
Africa Eastern and Southern,2021,89.94454603
Afghanistan,2021,74.23410797
Africa Western and Central,2021,61.86688351
Angola,2021,64.65779114
Albania,2021,367.7583923
Andorra,2021,3026.597412
Arab World,2021,374.9589582
United Arab Emirates,2021,1990.28479
Argentina,2021,1016.230835
Armenia,2021,549
Antigua and Barbuda,2021,801.5438232
Australia,2021,5545.910645
Austria,2021,5263
Azerbaijan,2021,197
Burundi,2021,22.95755196
Belgium,2021,5049.577148
Benin,2021,29.37922096
Burkina Faso,2021,41.07073212
Bangladesh,2021,47.66782379
Bulgaria,2021,698
Bahrain,2021,1024.390503
"Bahamas, The",2021,1898.856323
Bosnia and Herzegovina,2021,544
Belarus,2021,390
Belize,2021,298.9605103
Bolivia,2021,239.1754456
Brazil,2021,850.4328613
Barbados,2021,1172.405396
Brunei Darussalam,2021,674.6516113
Bhutan,2021,115.3208084
Botswana,2021,408.8960266
Central African Republic,2021,33.9444313
Canada,2021,5115.976074
Central Europe and the Baltics,2021,1090.03602
Switzerland,2021,9341.0625
Chile,2021,1369.484009
China,2021,539.6194458
Cote d'Ivoire,2021,73.64801788
Cameroon,2021,56.18640518
"Congo, Dem. Rep.",2021,19.85771751
"Congo, Rep.",2021,58.90272522
Colombia,2021,500.7313843
Comoros,2021,77.80075073
Cabo Verde,2021,171.7717133
Costa Rica,2021,914.8847046
Caribbean small states,2021,706.4858574
Cuba,2021,1013.101379
Cyprus,2021,2093
Czechia,2021,1803.05249
Germany,2021,5486.98877
Djibouti,2021,62.30675125
Dominica,2021,442.5115967
Denmark,2021,6059
Dominican Republic,2021,346.5079041
Algeria,2021,235.9904175
East Asia & Pacific (excluding high income),2021,416.3588575
Early-demographic dividend,2021,165.9748169
East Asia & Pacific,2021,759.5985547
Europe & Central Asia (excluding high income),2021,300.5844958
Europe & Central Asia,2021,2330.077812
Ecuador,2021,484.3680725
"Egypt, Arab Rep.",2021,145.3102875
Euro area,2021,3989.301751
Eritrea,2021,25.98394394
Spain,2021,2716.833496
Estonia,2021,1599.350342
Ethiopia,2021,26.22917175
European Union,2021,3493.603062
Fragile and conflict affected situations,2021,73.4483072
Finland,2021,4460
Fiji,2021,253.7433014
France,2021,4504.484863
"Micronesia, Fed. Sts.",2021,420.5794983
Gabon,2021,208.2883453
United Kingdom,2021,4268.677246
Georgia,2021,309
Ghana,2021,93.18772125
Guinea,2021,42.68258667
"Gambia, The",2021,22.83255005
Guinea-Bissau,2021,54.0177002
Equatorial Guinea,2021,231.8395386
Greece,2021,1569.029053
Grenada,2021,487.6029053
Guatemala,2021,278.5489807
Guyana,2021,317.6022644
High income,2021,5022.114206
Honduras,2021,184.0391846
Heavily indebted poor countries (HIPC),2021,47.04427635
Croatia,2021,1040
Haiti,2021,49.08563995
Hungary,2021,1054
IBRD only,2021,351.9907549
IDA & IBRD total,2021,275.8428503
IDA total,2021,53.55118809
IDA blend,2021,60.2449431
Indonesia,2021,119.4984436
IDA only,2021,50.00807067
India,2021,61
Ireland,2021,5462.730957
"Iran, Islamic Rep.",2021,378.4741821
Iraq,2021,239.5789185
Iceland,2021,5865
Israel,2021,3354
Italy,2021,2911
Jamaica,2021,343.0619202
Jordan,2021,294.18927
Japan,2021,4463
Kazakhstan,2021,270
Kenya,2021,86.06783295
Kyrgyz Republic,2021,63
Cambodia,2021,114.4853439
Kiribati,2021,177
St. Kitts and Nevis,2021,1204.340942
"Korea, Rep.",2021,2605.993408
Kuwait,2021,1643.569702
Latin America & Caribbean (excluding high income),2021,648.7263088
Lao PDR,2021,67.81835938
Lebanon,2021,782.2052002
Liberia,2021,52.02645493
St. Lucia,2021,491.4067993
Latin America & Caribbean,2021,657.6646639
Least developed countries: UN classification,2021,43.04704664
Low income,2021,33.36981966
Sri Lanka,2021,160
Lower middle income,2021,76.6750687
Low & middle income,2021,257.0576555
Lesotho,2021,130.4407349
Late-demographic dividend,2021,578.3725993
Lithuania,2021,1370
Luxembourg,2021,6222
Latvia,2021,1183
Morocco,2021,177.245575
Monaco,2021,7730.603516
Moldova,2021,284
Madagascar,2021,15.88729572
Maldives,2021,852
Middle East & North Africa,2021,484.2904154
Mexico,2021,552.7042236
Marshall Islands,2021,782.2356567
Middle income,2021,278.995698
North Macedonia,2021,421
Mali,2021,32.17400742
Malta,2021,2944
Myanmar,2021,62
Middle East & North Africa (excluding high income),2021,247.8152046
Montenegro,2021,732
Mongolia,2021,197.5519562
Mozambique,2021,40.41284943
Mauritania,2021,60.7460022
Mauritius,2021,670.973999
Malawi,2021,41.78248596
Malaysia,2021,427.4628601
North America,2021,10088.65177
Namibia,2021,432.1457825
Niger,2021,31.21994209
Nigeria,2021,69.68148041
Nicaragua,2021,161.9863434
Netherlands,2021,5341
Norway,2021,8007
Nepal,2021,53
Nauru,2021,1158.770874
New Zealand,2021,4085.788086
OECD members,2021,4909.410378
Oman,2021,728.2548218
Other small states,2021,932.4666563
Pakistan,2021,37.22461319
Panama,2021,1340.137817
Peru,2021,366.5649109
Philippines,2021,142
Palau,2021,2102.074707
Papua New Guinea,2021,60.31322479
Poland,2021,1014
Pre-demographic dividend,2021,59.35218678
Portugal,2021,2222
Paraguay,2021,415.888794
Pacific island small states,2021,227.4443243
Post-demographic dividend,2021,5857.928678
Qatar,2021,2012.225708
Romania,2021,739
Russian Federation,2021,654
Rwanda,2021,51.18757629
South Asia,2021,58.50368405
Saudi Arabia,2021,1279.690796
Sudan,2021,35.51281357
Senegal,2021,65.75260925
Singapore,2021,2826.01001
Solomon Islands,2021,103.7242889
Sierra Leone,2021,46.25284195
El Salvador,2021,377.0255737
San Marino,2021,3854.095215
Serbia,2021,641.0296631
Sub-Saharan Africa (excluding high income),2021,78.34566348
South Sudan,2021,34.9889183
Sub-Saharan Africa,2021,78.40671641
Small states,2021,804.155291
Sao Tome and Principe,2021,106.2677612
Suriname,2021,611.9544678
Slovak Republic,2021,1342
Slovenia,2021,2219
Sweden,2021,5653
Eswatini,2021,274.9450989
Seychelles,2021,769.7479858
Chad,2021,31.30481529
East Asia & Pacific (IDA & IBRD countries),2021,416.3777018
Europe & Central Asia (IDA & IBRD countries),2021,502.5745903
Togo,2021,50.15758133
Thailand,2021,289.1782837
Tajikistan,2021,62
Turkmenistan,2021,488.6238403
Latin America & the Caribbean (IDA & IBRD countries),2021,650.4805849
Timor-Leste,2021,79.26290131
Middle East & North Africa (IDA & IBRD countries),2021,247.8152046
Tonga,2021,229.9441071
South Asia (IDA & IBRD),2021,58.50368405
Sub-Saharan Africa (IDA & IBRD countries),2021,78.40671641
Trinidad and Tobago,2021,1071.89624
Tunisia,2021,209.5261231
Turkiye,2021,397
Tuvalu,2021,1109.266479
Tanzania,2021,39.5618248
Uganda,2021,33.40487289
Ukraine,2021,247
Upper middle income,2021,491.1284074
Uruguay,2021,1677.0979
United States,2021,10658.39746
Uzbekistan,2021,99
St. Vincent and the Grenadines,2021,369.3736267
"Venezuela, RB",2021,113.2855072
Viet Nam,2021,173.6494904
Vanuatu,2021,101.974411
World,2021,1104.439825
Samoa,2021,240.101059
South Africa,2021,551.4352417
Zambia,2021,85.64040375
Zimbabwe,2021,54.80850601
Africa Eastern and Southern,2022,81.49241798
Afghanistan,2022,80.28805542
Africa Western and Central,2022,64.64604399
Angola,2022,55.05102158
Albania,2022,396.880249
Andorra,2022,3269.297363
Arab World,2022,380.6515688
United Arab Emirates,2022,2191.813477
Argentina,2022,895.0846558
Armenia,2022,552
Antigua and Barbuda,2022,875.7009888
Australia,2022,5958.765625
Austria,2022,5567
Azerbaijan,2022,243
Burundi,2022,27.07072449
Belgium,2022,5104.025391
Benin,2022,30.64243507
Burkina Faso,2022,54.17696762
Bangladesh,2022,50.66413116
Bulgaria,2022,857
Bahrain,2022,1105.324829
"Bahamas, The",2022,1824.875366
Bosnia and Herzegovina,2022,591
Belarus,2022,408
Belize,2022,279.65802
Bolivia,2022,246.1977539
Brazil,2022,704.9953613
Barbados,2022,1238.587158
Brunei Darussalam,2022,650.4782105
Bhutan,2022,133.7031403
Botswana,2022,358.9055176
Central African Republic,2022,40.11012268
Canada,2022,5668.347656
Central Europe and the Baltics,2022,1182.086473
Switzerland,2022,10085.45605
Chile,2022,1280.632324
China,2022,583.4321899
Cote d'Ivoire,2022,85.17427826
Cameroon,2022,58.0969696
"Congo, Dem. Rep.",2022,21.25385666
"Congo, Rep.",2022,80.80835724
Colombia,2022,462.2328186
Comoros,2022,88.67053223
Cabo Verde,2022,196.2696381
Costa Rica,2022,953.0825195
Caribbean small states,2022,691.3220744
Cuba,2022,1186.156494
Cyprus,2022,2362
Czechia,2022,2119.268311
Germany,2022,5936.251465
Djibouti,2022,62.75099945
Dominica,2022,420.0245972
Denmark,2022,6442
Dominican Republic,2022,354.0936279
Algeria,2022,206.0351257
East Asia & Pacific (excluding high income),2022,447.9977047
Early-demographic dividend,2022,167.2187747
East Asia & Pacific,2022,792.7727338
Europe & Central Asia (excluding high income),2022,317.7226969
Europe & Central Asia,2022,2521.784142
Ecuador,2022,471.8757629
"Egypt, Arab Rep.",2022,150.9065552
Euro area,2022,4261.994081
Eritrea,2022,24.70353127
Spain,2022,2899.018799
Estonia,2022,1789.03479
Ethiopia,2022,28.69671059
European Union,2022,3736.950883
Fragile and conflict affected situations,2022,75.18372788
Finland,2022,4736
Fiji,2022,231.9827728
France,2022,4755.44043
"Micronesia, Fed. Sts.",2022,398.5737
Gabon,2022,228.0245819
United Kingdom,2022,4906.239746
Georgia,2022,355
Ghana,2022,87.4445343
Guinea,2022,41.6195488
"Gambia, The",2022,26.24802017
Guinea-Bissau,2022,68.04572296
Equatorial Guinea,2022,246.7667389
Greece,2022,1675.117065
Grenada,2022,469.0077515
Guatemala,2022,289.1265564
Guyana,2022,377.8699951
High income,2022,5460.624729
Honduras,2022,212.6973114
Heavily indebted poor countries (HIPC),2022,48.01280141
Croatia,2022,1095
Haiti,2022,44.17983627
Hungary,2022,1173
IBRD only,2022,360.6033779
IDA & IBRD total,2022,281.7793009
IDA total,2022,55.14965342
IDA blend,2022,62.11690715
Indonesia,2022,133.2563477
IDA only,2022,51.4700836
India,2022,64
Ireland,2022,6098.266602
"Iran, Islamic Rep.",2022,338.2497253
Iraq,2022,245.4804688
Iceland,2022,5652
Israel,2022,3637
Italy,2022,3062
Jamaica,2022,324.4832153
Jordan,2022,284.5343933
Japan,2022,4436
Kazakhstan,2022,338
Kenya,2022,86.67868805
Kyrgyz Republic,2022,64
Cambodia,2022,112.2142258
Kiribati,2022,239
St. Kitts and Nevis,2022,1050.643677
"Korea, Rep.",2022,2648.224121
Kuwait,2022,1542.322632
Latin America & Caribbean (excluding high income),2022,584.6452604
Lao PDR,2022,52.15844727
Lebanon,2022,522.420105
Liberia,2022,101.2913055
St. Lucia,2022,574.3797607
Latin America & Caribbean,2022,597.9605585
Least developed countries: UN classification,2022,43.95882348
Low income,2022,35.33947904
Sri Lanka,2022,158
Lower middle income,2022,78.84273533
Low & middle income,2022,260.7397803
Lesotho,2022,96.7264328
Late-demographic dividend,2022,600.9629583
Lithuania,2022,1520
Luxembourg,2022,6786
Latvia,2022,1313
Morocco,2022,193.102356
Monaco,2022,7812.287598
Moldova,2022,307
Madagascar,2022,17.21605492
Maldives,2022,826
Middle East & North Africa,2022,489.6113579
Mexico,2022,538.5175171
Marshall Islands,2022,707.4797974
Middle income,2022,283.2695468
North Macedonia,2022,453
Mali,2022,28.85294724
Malta,2022,3135
Myanmar,2022,72
Middle East & North Africa (excluding high income),2022,234.2747029
Montenegro,2022,866
Mongolia,2022,188.5712433
Mozambique,2022,34.37060928
Mauritania,2022,63.2988472
Mauritius,2022,569.434021
Malawi,2022,42.5414238
Malaysia,2022,414.963501
North America,2022,11131.73329
Namibia,2022,378.4246826
Niger,2022,34.85019302
Nigeria,2022,69.76184845
Nicaragua,2022,161.1998138
Netherlands,2022,5858
Norway,2022,7825
Nepal,2022,58
Nauru,2022,1318.165039
New Zealand,2022,4223.22168
OECD members,2022,5312.755462
Oman,2022,855.2967529
Other small states,2022,982.6384991
Pakistan,2022,38.17708206
Panama,2022,1358.090698
Peru,2022,388.4873047
Philippines,2022,166
Palau,2022,2058.661621
Papua New Guinea,2022,56.30739212
Poland,2022,1026
Pre-demographic dividend,2022,59.80583313
Portugal,2022,2346
Paraguay,2022,410.887146
Pacific island small states,2022,223.0199455
Post-demographic dividend,2022,6370.478841
Qatar,2022,1997.788208
Romania,2022,810
Russian Federation,2022,771
Rwanda,2022,57.91234207
South Asia,2022,61.27246934
Saudi Arabia,2022,1355.716553
Sudan,2022,23.34439278
Senegal,2022,76.77999878
Singapore,2022,3367.756592
Solomon Islands,2022,106.6113815
Sierra Leone,2022,46.01692963
El Salvador,2022,354.4869995
San Marino,2022,3842.773926
Serbia,2022,670.194397
Sub-Saharan Africa (excluding high income),2022,74.51017137
South Sudan,2022,47.67607498
Sub-Saharan Africa,2022,74.57151761
Small states,2022,836.4395597
Sao Tome and Principe,2022,158.9619141
Suriname,2022,464.2226563
Slovak Republic,2022,1394
Slovenia,2022,2417
Sweden,2022,6003
Eswatini,2022,222.5315857
Seychelles,2022,781.5196533
Chad,2022,35.72977829
East Asia & Pacific (IDA & IBRD countries),2022,448.0166774
Europe & Central Asia (IDA & IBRD countries),2022,554.5205042
Togo,2022,54.17138672
Thailand,2022,305.0879211
Tajikistan,2022,70
Turkmenistan,2022,483.7955933
Latin America & the Caribbean (IDA & IBRD countries),2022,586.7067507
Timor-Leste,2022,120.8697434
Middle East & North Africa (IDA & IBRD countries),2022,234.2747029
Tonga,2022,246.840271
South Asia (IDA & IBRD),2022,61.27246934
Sub-Saharan Africa (IDA & IBRD countries),2022,74.57151761
Trinidad and Tobago,2022,1045.729004
Tunisia,2022,246.5980835
Turkiye,2022,395
Tuvalu,2022,879.4911499
Tanzania,2022,31.39298439
Uganda,2022,36.87842941
Ukraine,2022,270
Upper middle income,2022,499.4336879
Uruguay,2022,1427.140259
United States,2022,11758.4248
Uzbekistan,2022,121
St. Vincent and the Grenadines,2022,402.059845
"Venezuela, RB",2022,152.7583008
Viet Nam,2022,154.2351074
Vanuatu,2022,116.5592575
World,2022,1179.650267
Samoa,2022,252.8403473
South Africa,2022,492.2072449
Zambia,2022,60.4353447
Zimbabwe,2022,50.67650986
Africa Eastern and Southern,2023,92.28638645
Afghanistan,2023,81.31976318
Africa Western and Central,2023,72.95963883
Angola,2023,64.16342163
Albania,2023,464.7428589
Andorra,2023,3505.991455
Arab World,2023,401.8634012
United Arab Emirates,2023,2351.80542
Argentina,2023,1044.772705
Armenia,2023,613
Antigua and Barbuda,2023,923.4072876
Australia,2023,7055.368164
Austria,2023,6505
Azerbaijan,2023,249
Burundi,2023,24.26920891
Belgium,2023,5680.231445
Benin,2023,35.12914658
Burkina Faso,2023,56.95098114
Bangladesh,2023,57.93856812
Bulgaria,2023,1040
Bahrain,2023,1146.472778
"Bahamas, The",2023,1961.677856
Bosnia and Herzegovina,2023,692
Belarus,2023,468
Belize,2023,310.1950073
Bolivia,2023,272.9592285
Brazil,2023,761.2677612
Barbados,2023,1400.435791
Brunei Darussalam,2023,693.4055786
Bhutan,2023,120.4311752
Botswana,2023,457.4629822
Central African Republic,2023,42.92785645
Canada,2023,6470.067871
Central Europe and the Baltics,2023,1389.883075
Switzerland,2023,10897.4502
Chile,2023,1518.040039
China,2023,670.5145874
Cote d'Ivoire,2023,81.86914825
Cameroon,2023,63.78601837
"Congo, Dem. Rep.",2023,22.32123756
"Congo, Rep.",2023,80.5149231
Colombia,2023,557.5394898
Comoros,2023,99.03723907
Cabo Verde,2023,247.9079437
Costa Rica,2023,948.9216309
Caribbean small states,2023,725.1890365
Cyprus,2023,2990
Czechia,2023,2498.516602
Germany,2023,6626.004883
Djibouti,2023,87.74766541
Dominica,2023,482.429657
Denmark,2023,7382
Dominican Republic,2023,416.8997498
Algeria,2023,204.5666199
East Asia & Pacific (excluding high income),2023,515.724729
Early-demographic dividend,2023,190.7697075
East Asia & Pacific,2023,876.0408905
Europe & Central Asia (excluding high income),2023,377.4655911
Europe & Central Asia,2023,2868.789414
Ecuador,2023,494.3083801
"Egypt, Arab Rep.",2023,179.6811981
Euro area,2023,4787.3901
Eritrea,2023,25.36040497
Spain,2023,3234.292969
Estonia,2023,2094.503174
Ethiopia,2023,26.47735214
European Union,2023,4215.433322
Fragile and conflict affected situations,2023,82.12692052
Finland,2023,5488
Fiji,2023,250.0255432
France,2023,5380.875
"Micronesia, Fed. Sts.",2023,393.3493042
Gabon,2023,233.8710327
United Kingdom,2023,5738.484863
Georgia,2023,417
Ghana,2023,100.0009689
Guinea,2023,44.68689728
"Gambia, The",2023,24.62883568
Guinea-Bissau,2023,68.81868744
Equatorial Guinea,2023,255.5652466
Greece,2023,1845.775635
Grenada,2023,505.4046326
Guatemala,2023,340.9581299
Guyana,2023,470.5687866
High income,2023,5832.722468
Honduras,2023,253.918045
Heavily indebted poor countries (HIPC),2023,51.8647974
Croatia,2023,1384
Haiti,2023,57.87849426
Hungary,2023,1382
IBRD only,2023,413.5328223
IDA & IBRD total,2023,321.5307627
IDA total,2023,61.37062448
IDA blend,2023,72.81964914
Indonesia,2023,160.6417694
IDA only,2023,55.33622761
India,2023,74
Ireland,2023,6764.258789
"Iran, Islamic Rep.",2023,392.5414429
Iraq,2023,248.923111
Iceland,2023,6716
Israel,2023,4339
Italy,2023,3350
Jamaica,2023,372.4513855
Jordan,2023,299.0723572
Japan,2023,4347
Kazakhstan,2023,403
Kenya,2023,94.67254639
Kyrgyz Republic,2023,73
Cambodia,2023,122.4164581
Kiribati,2023,262
St. Kitts and Nevis,2023,1114.374268
"Korea, Rep.",2023,3260.44873
Kuwait,2023,1860.783691
Latin America & Caribbean (excluding high income),2023,637.7783429
Lao PDR,2023,68.87698364
Lebanon,2023,307.1348572
Liberia,2023,112.2704468
St. Lucia,2023,584.6704712
Latin America & Caribbean,2023,656.2994328
Least developed countries: UN classification,2023,47.12790362
Low income,2023,36.50028656
Sri Lanka,2023,166
Lower middle income,2023,90.24569445
Low & middle income,2023,294.4743997
Lesotho,2023,114.7088165
Late-demographic dividend,2023,688.2974463
Lithuania,2023,1859
Luxembourg,2023,7636
Latvia,2023,1898
Morocco,2023,221.1148529
Monaco,2023,8634.259766
Moldova,2023,410
Madagascar,2023,17.64008904
Maldives,2023,1039
Middle East & North Africa,2023,537.0598462
Mexico,2023,610.6453247
Marshall Islands,2023,766.9440918
Middle income,2023,320.8149078
North Macedonia,2023,560
Mali,2023,40.1202507
Malta,2023,3642
Myanmar,2023,65
Middle East & North Africa (excluding high income),2023,257.3886557
Montenegro,2023,985
Mongolia,2023,315.5798035
Mozambique,2023,44.52215576
Mauritania,2023,89.28845215
Mauritius,2023,564.9007568
Malawi,2023,46.55551147
Malaysia,2023,487.0088196
North America,2023,11439.89894
Namibia,2023,456.4360046
Niger,2023,34.34204865
Nigeria,2023,83.84061432
Nicaragua,2023,198.0779266
Netherlands,2023,6539
Norway,2023,9163
Nepal,2023,65
Nauru,2023,1529.519165
New Zealand,2023,4906.070801
OECD members,2023,5653.095123
Oman,2023,852.6234131
Other small states,2023,1142.713953
Pakistan,2023,43.09069443
Panama,2023,1415.244995
Peru,2023,412.2085571
Philippines,2023,203
Palau,2023,2045.297485
Papua New Guinea,2023,61.41452789
Poland,2023,1159
Pre-demographic dividend,2023,65.45491331
Portugal,2023,2747
Paraguay,2023,478.7082825
Pacific island small states,2023,236.261909
Post-demographic dividend,2023,6835.89685
Qatar,2023,1934.0802
Romania,2023,963
Russian Federation,2023,936
Rwanda,2023,60.2185936
South Asia,2023,70.17662495
Saudi Arabia,2023,1441.998779
Sudan,2023,21.58010864
Senegal,2023,71.22032928
Singapore,2023,3969.890869
Solomon Islands,2023,106.345871
Sierra Leone,2023,43.1619873
El Salvador,2023,442.2137451
San Marino,2023,4131.941895
Serbia,2023,919.1679077
Sub-Saharan Africa (excluding high income),2023,84.29330341
South Sudan,2023,32.67995834
Sub-Saharan Africa,2023,84.34737887
Small states,2023,956.4325313
Sao Tome and Principe,2023,186.1039734
Suriname,2023,298.9328003
Slovak Republic,2023,1685
Slovenia,2023,2775
Sweden,2023,6901
Eswatini,2023,279.9143066
Seychelles,2023,718.4900513
Chad,2023,35.63117981
East Asia & Pacific (IDA & IBRD countries),2023,515.7439182
Europe & Central Asia (IDA & IBRD countries),2023,659.3181452
Togo,2023,54.14671707
Thailand,2023,364.3696899
Tajikistan,2023,73
Turkmenistan,2023,565.2592773
Latin America & the Caribbean (IDA & IBRD countries),2023,655.4667561
Timor-Leste,2023,134.9980011
Middle East & North Africa (IDA & IBRD countries),2023,257.3886557
Tonga,2023,279.2460327
South Asia (IDA & IBRD),2023,70.17662495
Sub-Saharan Africa (IDA & IBRD countries),2023,84.34737887
Trinidad and Tobago,2023,1125.397339
Tunisia,2023,265.4648438
Turkiye,2023,441
Tuvalu,2023,1070.95752
Tanzania,2023,37.15989685
Uganda,2023,43.44807434
Ukraine,2023,368
Upper middle income,2023,567.852066
Uruguay,2023,1620.326416
United States,2023,12012.24121
Uzbekistan,2023,157
St. Vincent and the Grenadines,2023,448.3102112
"Venezuela, RB",2023,160.0984039
Viet Nam,2023,172.5529785
Vanuatu,2023,133.1509247
World,2023,1265.624726
Samoa,2023,263.8859558
South Africa,2023,583.6710815
Zambia,2023,75.3394928
Zimbabwe,2023,62.73724365
