Country,Year,Poverty_Percentage
Africa Eastern and Southern,2000,55.37042833
Africa Western and Central,2000,71.29779162
Angola,2000,19.7
Albania,2000,28.1
Argentina,2000,20.29188
Armenia,2000,12.79599
Austria,2000,4.5
Azerbaijan,2000,50.94
Burundi,2000,79.7
Benin,2000,71.86569
Burkina Faso,2000,82.21152
Bangladesh,2000,58.31077
Bosnia and Herzegovina,2000,5.1
Belarus,2000,17.5584
Belize,2000,15.8
Bolivia,2000,57.94489
Brazil,2000,34.73978
Botswana,2000,58.69239
Central African Republic,2000,85.96516
Chile,2000,14.616
Cote d'Ivoire,2000,67.07658
Cameroon,2000,65.3638
"Congo, Rep.",2000,87.80583
Colombia,2000,21.17683
Comoros,2000,64.49449
Costa Rica,2000,12.69593
Cuba,2000,2.15371
Dominican Republic,2000,30.15546
Early-demographic dividend,2000,46.6889086
Europe & Central Asia (excluding high income),2000,19.08395091
Ecuador,2000,57.41273
"Egypt, Arab Rep.",2000,42.22616
Ethiopia,2000,92.17158
Fragile and conflict affected situations,2000,48.34523687
Gabon,2000,57.43
Georgia,2000,13.6
Ghana,2000,60.36841
Guinea,2000,40.66534
"Gambia, The",2000,56.92053
Guatemala,2000,55.49609
Guyana,2000,26.1
Honduras,2000,44.4
Heavily indebted poor countries (HIPC),2000,73.27508341
Haiti,2000,61.2833
Hungary,2000,15.4
IDA total,2000,67.9489988
IDA blend,2000,70.15956355
Indonesia,2000,35.12568
IDA only,2000,66.23177456
India,2000,55.29477
Ireland,2000,6.2
Iraq,2000,33.89419
Jordan,2000,40.01581
Kazakhstan,2000,24.45811
Kenya,2000,63.18451
Kyrgyz Republic,2000,47.15842
Cambodia,2000,84.8
Latin America & Caribbean (excluding high income),2000,33.18651349
Lao PDR,2000,54.4
Latin America & Caribbean,2000,32.20253265
Least developed countries: UN classification,2000,64.39832874
Lower middle income,2000,56.20893358
Lesotho,2000,62.72729
Morocco,2000,33.15472
Moldova,2000,26.5
Madagascar,2000,91.43569
Mexico,2000,32.16297
Middle income,2000,43.21115356
Mali,2000,83.87627
Myanmar,2000,29.39935
Montenegro,2000,19.1
Mongolia,2000,57.60411
Mozambique,2000,90.09549
Mauritania,2000,84.69319
Malawi,2000,81.41073
Namibia,2000,42.55683
Niger,2000,70.03805
Nigeria,2000,74.10729
Nicaragua,2000,71.59811
Nepal,2000,66.31029
Pakistan,2000,71.22167
Panama,2000,48.67615
Peru,2000,47.41309
Philippines,2000,49.97359
Pre-demographic dividend,2000,66.30083635
Paraguay,2000,42.02714
Rwanda,2000,71.42051
South Asia,2000,57.78006306
Senegal,2000,67.15485
Sierra Leone,2000,73.9
Sub-Saharan Africa (excluding high income),2000,63.70156457
Sub-Saharan Africa,2000,63.70156457
Suriname,2000,7.43018
Eswatini,2000,55.35217
Chad,2000,91.58375
Togo,2000,69.27204
Thailand,2000,15.6056
Tajikistan,2000,60.27623
Turkmenistan,2000,10.5
Latin America & the Caribbean (IDA & IBRD countries),2000,32.87141255
South Asia (IDA & IBRD),2000,57.78006306
Sub-Saharan Africa (IDA & IBRD countries),2000,63.70156457
Trinidad and Tobago,2000,11.06
Turkiye,2000,24.58136
Tanzania,2000,81.32802
Uganda,2000,80.90118
Ukraine,2000,5.0
Uruguay,2000,23.7
"Venezuela, RB",2000,27.82014
Viet Nam,2000,45.31667
"Yemen, Rep.",2000,63.81216
South Africa,2000,27.60971
Zambia,2000,63.78455
Zimbabwe,2000,27.52175
Africa Eastern and Southern,2002,60.65440448
Africa Western and Central,2002,69.022259
Angola,2002,19.7
Albania,2002,25.5
Argentina,2002,19.56624
Armenia,2002,12.30696
Austria,2002,4.4
Azerbaijan,2002,44.93667
Burundi,2002,79.7
Benin,2002,71.47241
Burkina Faso,2002,76.64539
Bangladesh,2002,57.66662
Bosnia and Herzegovina,2002,5.1
Belarus,2002,16.03017
Belize,2002,15.76133
Bolivia,2002,55.68105
Brazil,2002,31.43266
Botswana,2002,56.56976
Central African Republic,2002,83.12315
Chile,2002,10.97
Cote d'Ivoire,2002,65.53594
Cameroon,2002,62.0946
"Congo, Dem. Rep.",2002,71.91424
"Congo, Rep.",2002,87.80583
Colombia,2002,19.83238
Comoros,2002,65.08643
Costa Rica,2002,11.78091
Cuba,2002,2.15371
Dominican Republic,2002,27.79214
Early-demographic dividend,2002,45.50376543
Europe & Central Asia (excluding high income),2002,18.01351394
Ecuador,2002,57.84727
"Egypt, Arab Rep.",2002,36.71599
Ethiopia,2002,89.07633
Fragile and conflict affected situations,2002,53.29289544
Fiji,2002,15.0
Gabon,2002,55.55895
Georgia,2002,13.6
Ghana,2002,57.00822
Guinea,2002,41.49952
"Gambia, The",2002,55.11779
Guatemala,2002,53.25944
Guyana,2002,26.1
Honduras,2002,44.4
Heavily indebted poor countries (HIPC),2002,72.85787834
Haiti,2002,59.97767
Hungary,2002,14.2
IDA total,2002,67.62898857
IDA blend,2002,68.11213271
Indonesia,2002,33.47149
IDA only,2002,67.31192793
India,2002,54.59656
Ireland,2002,6.4
Iraq,2002,35.43867
Jordan,2002,37.68646
Kazakhstan,2002,21.67406
Kenya,2002,61.63811
Kyrgyz Republic,2002,42.68651
Cambodia,2002,79.2
Latin America & Caribbean (excluding high income),2002,31.26053686
Lao PDR,2002,51.0
Lebanon,2002,92.4
Liberia,2002,75.48823
Latin America & Caribbean,2002,30.27266077
Least developed countries: UN classification,2002,66.20006256
Low income,2002,80.31428638
Lower middle income,2002,54.96182555
Low & middle income,2002,44.26863177
Lesotho,2002,62.72729
Morocco,2002,30.36674
Moldova,2002,23.7
Madagascar,2002,89.03413
Mexico,2002,30.44793
Middle income,2002,42.03218747
Mali,2002,79.68152
Myanmar,2002,32.60843
Montenegro,2002,19.1
Mongolia,2002,53.63156
Mozambique,2002,86.58183
Mauritania,2002,81.3166
Malawi,2002,77.89671
Namibia,2002,42.4078
Niger,2002,70.09604
Nigeria,2002,71.59477
Nicaragua,2002,70.33595
Nepal,2002,63.41828
Pakistan,2002,69.69687
Panama,2002,44.36462
Peru,2002,45.56432
Philippines,2002,48.56749
Pre-demographic dividend,2002,67.22923016
Paraguay,2002,39.03
West Bank and Gaza,2002,30.0
Rwanda,2002,67.93933
South Asia,2002,56.97924703
Sudan,2002,99.1
Senegal,2002,63.59985
Sierra Leone,2002,73.9
El Salvador,2002,49.5
Sub-Saharan Africa (excluding high income),2002,64.5257355
South Sudan,2002,99.8
Sub-Saharan Africa,2002,64.5257355
Suriname,2002,8.26719
Eswatini,2002,55.35217
Chad,2002,90.45647
Togo,2002,66.02873
Thailand,2002,15.6056
Tajikistan,2002,55.72756
Turkmenistan,2002,10.5
Latin America & the Caribbean (IDA & IBRD countries),2002,30.87693586
South Asia (IDA & IBRD),2002,56.97924703
Sub-Saharan Africa (IDA & IBRD countries),2002,64.5257355
Trinidad and Tobago,2002,11.06
Turkiye,2002,23.18733
Tanzania,2002,77.07039
Uganda,2002,78.21228
Ukraine,2002,5.0
Uruguay,2002,23.7
"Venezuela, RB",2002,26.40689
Viet Nam,2002,40.37283
"Yemen, Rep.",2002,61.19064
South Africa,2002,27.22887
Zambia,2002,62.23191
Zimbabwe,2002,26.92639
Africa Eastern and Southern,2004,59.59955835
Africa Western and Central,2004,66.57672763
Angola,2004,19.66039
Albania,2004,23.0
Argentina,2004,18.84059
Armenia,2004,11.81793
Austria,2004,4.4
Azerbaijan,2004,38.93333
Burundi,2004,77.04306
Benin,2004,71.07914
Burkina Faso,2004,71.07927
Bangladesh,2004,57.02246
Bosnia and Herzegovina,2004,5.1
Belarus,2004,14.50194
Belize,2004,15.75733
Bolivia,2004,53.41721
Brazil,2004,28.12555
Botswana,2004,54.44714
Central African Republic,2004,80.28114
Chile,2004,7.324
Cote d'Ivoire,2004,63.9953
Cameroon,2004,58.8254
"Congo, Dem. Rep.",2004,71.91424
"Congo, Rep.",2004,84.68995
Colombia,2004,18.48794
Comoros,2004,65.67836
Costa Rica,2004,10.86589
Cuba,2004,2.15371
Dominican Republic,2004,25.42881
Early-demographic dividend,2004,44.34063129
Europe & Central Asia (excluding high income),2004,16.76351051
Ecuador,2004,57.8
"Egypt, Arab Rep.",2004,31.20583
Ethiopia,2004,85.98109
Fragile and conflict affected situations,2004,53.16748453
Fiji,2004,15.0
Gabon,2004,53.6879
Georgia,2004,13.2148
Ghana,2004,53.64802
Guinea,2004,42.3337
"Gambia, The",2004,53.31504
Guatemala,2004,51.0228
Guyana,2004,25.31799
Honduras,2004,43.24
Heavily indebted poor countries (HIPC),2004,70.75095081
Haiti,2004,58.67204
Hungary,2004,12.9
IDA & IBRD total,2004,42.5372218
IDA total,2004,65.98405517
IDA blend,2004,66.1982921
Indonesia,2004,31.81729
IDA only,2004,65.84364323
India,2004,53.89834
Ireland,2004,6.7
Iraq,2004,36.98314
Jordan,2004,35.35711
Kazakhstan,2004,18.89002
Kenya,2004,60.09171
Kyrgyz Republic,2004,38.2146
Cambodia,2004,73.6
Latin America & Caribbean (excluding high income),2004,29.13866582
Lao PDR,2004,47.5
Lebanon,2004,92.4
Liberia,2004,75.48823
Latin America & Caribbean,2004,28.19941573
Least developed countries: UN classification,2004,64.86458208
Low income,2004,78.38676959
Lower middle income,2004,53.56109448
Low & middle income,2004,42.94835969
Lesotho,2004,58.59683
Morocco,2004,27.57876
Moldova,2004,20.8
Madagascar,2004,86.63257
Maldives,2004,41.535
Mexico,2004,28.73289
Middle income,2004,40.68126333
Mali,2004,75.48678
Myanmar,2004,35.81751
Montenegro,2004,18.5
Mongolia,2004,49.65902
Mozambique,2004,83.06817
Mauritania,2004,77.94
Malawi,2004,74.38269
Namibia,2004,42.25878
Niger,2004,70.15403
Nigeria,2004,69.08224
Nicaragua,2004,69.07378
Nepal,2004,60.52627
Pakistan,2004,68.17208
Panama,2004,40.05308
Peru,2004,43.71555
Philippines,2004,47.16139
Pre-demographic dividend,2004,65.57411402
Paraguay,2004,36.03286
West Bank and Gaza,2004,30.0
Rwanda,2004,64.45814
South Asia,2004,56.15148299
Sudan,2004,99.1
Senegal,2004,60.04485
Sierra Leone,2004,72.5475
El Salvador,2004,49.5
Sub-Saharan Africa (excluding high income),2004,62.85631311
South Sudan,2004,99.8
Sub-Saharan Africa,2004,62.85631311
Sao Tome and Principe,2004,61.4
Suriname,2004,9.10421
Eswatini,2004,55.35217
Chad,2004,89.32919
Togo,2004,62.78541
Thailand,2004,15.08731
Tajikistan,2004,51.1789
Turkmenistan,2004,10.50752
Latin America & the Caribbean (IDA & IBRD countries),2004,28.74445381
Timor-Leste,2004,56.1
South Asia (IDA & IBRD),2004,56.15148299
Sub-Saharan Africa (IDA & IBRD countries),2004,62.85631311
Trinidad and Tobago,2004,11.06
Turkiye,2004,21.79329
Tanzania,2004,72.81275
Uganda,2004,75.52337
Ukraine,2004,4.6
Uruguay,2004,23.67571
"Venezuela, RB",2004,25.7
Viet Nam,2004,35.429
"Yemen, Rep.",2004,58.56911
South Africa,2004,26.84803
Zambia,2004,60.67926
Zimbabwe,2004,26.33104
Africa Eastern and Southern,2006,59.13328825
Afghanistan,2006,63.6
Africa Western and Central,2006,64.02742403
Angola,2006,25.79191
Albania,2006,20.5
Arab World,2006,39.1107753
Argentina,2006,18.11494
Armenia,2006,11.3289
Austria,2006,4.4
Azerbaijan,2006,32.93
Burundi,2006,71.68054
Benin,2006,70.68586
Burkina Faso,2006,65.51314
Bangladesh,2006,56.3783
Bosnia and Herzegovina,2006,4.9
Belarus,2006,12.97371
Belize,2006,15.75333
Bolivia,2006,51.15337
Brazil,2006,24.81844
Botswana,2006,52.32451
Central African Republic,2006,77.43913
Chile,2006,7.3
Cote d'Ivoire,2006,62.45466
Cameroon,2006,55.55619
"Congo, Dem. Rep.",2006,72.37482
"Congo, Rep.",2006,78.45821
Colombia,2006,17.14349
Comoros,2006,66.27029
Costa Rica,2006,9.95087
Cuba,2006,3.20225
Dominican Republic,2006,23.06549
Early-demographic dividend,2006,43.15736275
Europe & Central Asia (excluding high income),2006,15.3850956
Ecuador,2006,57.8
"Egypt, Arab Rep.",2006,25.69566
Ethiopia,2006,82.88584
Fragile and conflict affected situations,2006,53.23151866
Fiji,2006,14.5
Gabon,2006,51.81685
Georgia,2006,12.44783
Ghana,2006,50.28782
Guinea,2006,43.16788
"Gambia, The",2006,51.5123
Guatemala,2006,48.78615
Guyana,2006,23.67077
Honduras,2006,40.9
Heavily indebted poor countries (HIPC),2006,68.44044268
Haiti,2006,57.36641
Hungary,2006,11.6
IDA & IBRD total,2006,41.19712472
IDA total,2006,64.31289887
IDA blend,2006,64.2159837
Indonesia,2006,30.1631
IDA only,2006,64.37460856
India,2006,53.20013
Ireland,2006,6.9
Iraq,2006,38.52762
Jordan,2006,33.02776
Kazakhstan,2006,16.10598
Kenya,2006,58.54531
Kyrgyz Republic,2006,33.74269
Cambodia,2006,67.9
Latin America & Caribbean (excluding high income),2006,26.99680612
Lao PDR,2006,44.1
Lebanon,2006,92.41022
Liberia,2006,74.59566
Latin America & Caribbean,2006,26.23743991
Least developed countries: UN classification,2006,63.93096599
Low income,2006,75.73609807
Lower middle income,2006,51.83656536
Low & middle income,2006,41.58763578
Lesotho,2006,54.46637
Morocco,2006,24.79078
Moldova,2006,18.0
Madagascar,2006,84.23101
Maldives,2006,41.535
Mexico,2006,27.01784
Middle income,2006,39.19436295
Mali,2006,71.29204
Myanmar,2006,39.02659
Montenegro,2006,17.3
Mongolia,2006,45.68648
Mozambique,2006,79.55451
Mauritania,2006,74.5634
Malawi,2006,70.86866
Namibia,2006,42.10975
Niger,2006,70.21202
Nigeria,2006,66.56972
Nicaragua,2006,67.81162
Nepal,2006,57.63426
Pakistan,2006,66.64728
Panama,2006,35.74154
Peru,2006,41.86678
Philippines,2006,45.75529
Pre-demographic dividend,2006,64.2856419
Paraguay,2006,33.03571
West Bank and Gaza,2006,29.07112
Rwanda,2006,60.97695
South Asia,2006,55.43472821
Sudan,2006,99.08834
Senegal,2006,56.48985
Sierra Leone,2006,69.80989
El Salvador,2006,46.49143
Sub-Saharan Africa (excluding high income),2006,61.43626512
South Sudan,2006,99.8
Sub-Saharan Africa,2006,61.43626512
Sao Tome and Principe,2006,61.4
Suriname,2006,9.94123
Eswatini,2006,47.92817
Chad,2006,88.20191
Togo,2006,59.54209
Thailand,2006,14.05075
Tajikistan,2006,46.63024
Turkmenistan,2006,10.25739
Latin America & the Caribbean (IDA & IBRD countries),2006,26.70639916
Timor-Leste,2006,56.1
South Asia (IDA & IBRD),2006,55.43472821
Sub-Saharan Africa (IDA & IBRD countries),2006,61.43626512
Trinidad and Tobago,2006,10.28
Tunisia,2006,10.4
Turkiye,2006,20.39926
Tanzania,2006,68.55511
Uganda,2006,72.83447
Ukraine,2006,3.9
Uruguay,2006,19.95
"Venezuela, RB",2006,25.7
Viet Nam,2006,30.48516
"Yemen, Rep.",2006,55.94758
South Africa,2006,26.46718
Zambia,2006,59.12662
Zimbabwe,2006,25.73569
Africa Eastern and Southern,2008,58.42114498
Afghanistan,2008,63.6
Africa Western and Central,2008,61.50084022
Angola,2008,31.92344
Albania,2008,17.9
Arab World,2008,34.76688607
Argentina,2008,17.3893
Armenia,2008,10.83987
Azerbaijan,2008,26.92667
Burundi,2008,66.31802
Benin,2008,70.29258
Burkina Faso,2008,59.94701
Bangladesh,2008,55.73415
Bosnia and Herzegovina,2008,4.7
Belarus,2008,11.44548
Belize,2008,15.74933
Bolivia,2008,48.88953
Brazil,2008,21.51132
Botswana,2008,50.20189
Central African Republic,2008,74.59712
Chile,2008,7.3
Cote d'Ivoire,2008,60.91402
Cameroon,2008,52.28699
"Congo, Dem. Rep.",2008,73.29596
"Congo, Rep.",2008,72.22646
Colombia,2008,15.79905
Comoros,2008,66.86223
Costa Rica,2008,9.03585
Cuba,2008,4.25079
Dominican Republic,2008,20.70217
Algeria,2008,30.8
Early-demographic dividend,2008,41.96778704
Europe & Central Asia (excluding high income),2008,13.96902406
"Egypt, Arab Rep.",2008,20.1855
Ethiopia,2008,79.7906
Fragile and conflict affected situations,2008,55.16850877
Fiji,2008,13.5
Gabon,2008,49.9458
Georgia,2008,11.68087
Ghana,2008,46.92763
Guinea,2008,44.00206
"Gambia, The",2008,49.70956
Guinea-Bissau,2008,75.2
Guatemala,2008,46.5495
Guyana,2008,22.02354
Honduras,2008,38.56
Heavily indebted poor countries (HIPC),2008,66.18398324
Haiti,2008,56.06078
Hungary,2008,10.4
IDA & IBRD total,2008,39.83156004
IDA total,2008,62.57733577
IDA blend,2008,62.193316
Indonesia,2008,28.5089
IDA only,2008,62.82107928
India,2008,52.50192
Ireland,2008,7.2
Iraq,2008,40.07209
Jordan,2008,30.6984
Kazakhstan,2008,13.32194
Kenya,2008,56.99891
Kyrgyz Republic,2008,29.27078
Cambodia,2008,62.3
Latin America & Caribbean (excluding high income),2008,24.07052452
Lao PDR,2008,40.7
Lebanon,2008,67.30186
Liberia,2008,72.81052
Latin America & Caribbean,2008,23.43045063
Least developed countries: UN classification,2008,62.88912022
Low income,2008,73.57543187
Lower middle income,2008,50.37781366
Low & middle income,2008,39.98576505
Lesotho,2008,50.33592
Morocco,2008,22.0028
Moldova,2008,15.1
Madagascar,2008,81.82945
Maldives,2008,40.9775
Mexico,2008,25.3028
Middle income,2008,37.54821781
Mali,2008,67.09729
Myanmar,2008,42.23566
Middle East & North Africa (excluding high income),2008,29.24207417
Montenegro,2008,16.1
Mongolia,2008,41.71394
Mozambique,2008,76.04086
Mauritania,2008,71.18681
Malawi,2008,67.35464
Namibia,2008,41.96073
Niger,2008,70.27001
Nigeria,2008,64.0572
Nicaragua,2008,67.2
Nepal,2008,54.74225
Pakistan,2008,65.12249
Panama,2008,31.43
Peru,2008,40.018
Philippines,2008,44.34919
Pre-demographic dividend,2008,62.92778709
Paraguay,2008,30.03857
West Bank and Gaza,2008,27.16442
Rwanda,2008,57.49576
South Asia,2008,54.62736218
Sudan,2008,94.00333
Senegal,2008,52.93485
Sierra Leone,2008,67.07228
El Salvador,2008,40.48857
Sub-Saharan Africa (excluding high income),2008,59.88184531
South Sudan,2008,99.80584
Sub-Saharan Africa,2008,59.88184531
Sao Tome and Principe,2008,60.3972
Suriname,2008,10.77825
Eswatini,2008,40.50418
Chad,2008,87.07463
Togo,2008,56.29878
Thailand,2008,13.01419
Tajikistan,2008,42.08157
Turkmenistan,2008,10.00727
Latin America & the Caribbean (IDA & IBRD countries),2008,23.8421813
Timor-Leste,2008,54.0
Middle East & North Africa (IDA & IBRD countries),2008,29.28749706
South Asia (IDA & IBRD),2008,54.62736218
Sub-Saharan Africa (IDA & IBRD countries),2008,59.88184531
Trinidad and Tobago,2008,9.5
Tunisia,2008,10.4
Turkiye,2008,19.00523
Tanzania,2008,64.29748
Uganda,2008,70.14557
Ukraine,2008,3.2
Uruguay,2008,16.22429
Viet Nam,2008,25.54133
"Yemen, Rep.",2008,53.32605
South Africa,2008,26.08634
Zambia,2008,57.57398
Zimbabwe,2008,25.14033
Africa Eastern and Southern,2010,57.67719296
Afghanistan,2010,64.80761
Africa Western and Central,2010,58.9139334
Angola,2010,38.05496
Albania,2010,15.4
Arab World,2010,31.8523767
Argentina,2010,16.66365
Armenia,2010,10.35084
Azerbaijan,2010,26.92667
Burundi,2010,60.9555
Benin,2010,69.89931
Burkina Faso,2010,54.38089
Bangladesh,2010,55.08999
Bosnia and Herzegovina,2010,4.5
Belarus,2010,9.91726
Belize,2010,15.74533
Bolivia,2010,46.62568
Brazil,2010,18.20421
Botswana,2010,48.07927
Central African Republic,2010,71.75511
Cote d'Ivoire,2010,59.37338
Cameroon,2010,49.01779
"Congo, Dem. Rep.",2010,74.21711
"Congo, Rep.",2010,65.99471
Colombia,2010,14.4546
Comoros,2010,67.45416
Costa Rica,2010,8.12083
Cuba,2010,5.29933
Dominican Republic,2010,18.33885
Algeria,2010,30.8
Early-demographic dividend,2010,40.75838196
Europe & Central Asia (excluding high income),2010,12.78807856
"Egypt, Arab Rep.",2010,14.67533
Ethiopia,2010,76.69536
Fragile and conflict affected situations,2010,54.05356614
Fiji,2010,12.5
Gabon,2010,48.07475
Georgia,2010,10.9139
Ghana,2010,43.56743
Guinea,2010,44.83624
"Gambia, The",2010,47.90681
Guinea-Bissau,2010,75.2
Guatemala,2010,44.31286
Guyana,2010,20.37632
Honduras,2010,36.22
Heavily indebted poor countries (HIPC),2010,63.96425836
Haiti,2010,54.75515
Hungary,2010,9.1
IDA & IBRD total,2010,38.7517356
IDA total,2010,60.81118625
IDA blend,2010,60.13848757
Indonesia,2010,26.85471
IDA only,2010,61.23767802
India,2010,51.8037
Ireland,2010,7.5
Iraq,2010,41.61657
Jordan,2010,28.36905
Kazakhstan,2010,10.5379
Kenya,2010,55.45251
Kyrgyz Republic,2010,24.79887
Cambodia,2010,56.6
Latin America & Caribbean (excluding high income),2010,21.85876535
Lao PDR,2010,37.3
Lebanon,2010,42.19351
Liberia,2010,71.02538
Latin America & Caribbean,2010,21.79117941
Least developed countries: UN classification,2010,61.81457458
Low income,2010,71.44544263
Lower middle income,2010,48.92043479
Low & middle income,2010,38.64068283
Lesotho,2010,46.20546
Morocco,2010,19.21482
Moldova,2010,12.3
Madagascar,2010,79.42789
Maldives,2010,39.8625
Mexico,2010,23.58776
Middle income,2010,36.16034878
Mali,2010,62.90255
Myanmar,2010,45.44474
Middle East & North Africa (excluding high income),2010,26.47956272
Montenegro,2010,14.9
Mongolia,2010,37.7414
Mozambique,2010,72.5272
Mauritania,2010,67.81021
Malawi,2010,63.84062
Namibia,2010,41.8117
Niger,2010,70.32799
Nigeria,2010,61.54467
Nicaragua,2010,67.2
Nepal,2010,51.85024
Pakistan,2010,63.59769
Panama,2010,27.11846
Peru,2010,38.16923
Philippines,2010,42.94309
Pre-demographic dividend,2010,61.42325681
Paraguay,2010,27.04143
West Bank and Gaza,2010,25.25772
Rwanda,2010,54.01458
South Asia,2010,53.84326108
Sudan,2010,88.91831
Senegal,2010,49.37985
Sierra Leone,2010,64.33467
El Salvador,2010,34.48571
Sub-Saharan Africa (excluding high income),2010,58.26619875
South Sudan,2010,97.0038
Sub-Saharan Africa,2010,58.26619875
Sao Tome and Principe,2010,58.45879
Suriname,2010,11.61526
Eswatini,2010,33.08018
Chad,2010,85.94735
Togo,2010,53.05546
Thailand,2010,11.97763
Tajikistan,2010,37.53291
Turkmenistan,2010,9.75714
Latin America & the Caribbean (IDA & IBRD countries),2010,22.14905645
Timor-Leste,2010,50.0
Middle East & North Africa (IDA & IBRD countries),2010,26.5064351
South Asia (IDA & IBRD),2010,53.84326108
Sub-Saharan Africa (IDA & IBRD countries),2010,58.26619875
Trinidad and Tobago,2010,8.72
Tunisia,2010,10.14415
Turkiye,2010,17.61119
Tanzania,2010,60.03984
Uganda,2010,67.45666
Ukraine,2010,2.5
Uruguay,2010,12.49857
Viet Nam,2010,20.59749
"Yemen, Rep.",2010,50.70453
South Africa,2010,25.7055
Zambia,2010,56.02134
Zimbabwe,2010,24.54498
Africa Eastern and Southern,2012,56.9068103
Afghanistan,2012,67.24795
Africa Western and Central,2012,56.31535086
Angola,2012,44.18648
Albania,2012,12.9
Arab World,2012,28.65392537
Argentina,2012,15.93801
Armenia,2012,9.86181
Azerbaijan,2012,26.92667
Burundi,2012,55.59298
Benin,2012,69.50603
Burkina Faso,2012,48.81476
Bangladesh,2012,54.44584
Bosnia and Herzegovina,2012,4.3
Belarus,2012,8.38903
Belize,2012,15.74133
Bolivia,2012,46.62568
Brazil,2012,14.8971
Botswana,2012,45.95664
Central African Republic,2012,68.9131
Cote d'Ivoire,2012,57.83274
Cameroon,2012,45.74859
"Congo, Dem. Rep.",2012,75.13825
"Congo, Rep.",2012,59.76296
Colombia,2012,13.11016
Comoros,2012,68.0461
Costa Rica,2012,7.20581
Cuba,2012,6.34787
Dominican Republic,2012,15.97552
Algeria,2012,28.88661
Early-demographic dividend,2012,39.41935131
Europe & Central Asia (excluding high income),2012,11.58300277
"Egypt, Arab Rep.",2012,9.16517
Ethiopia,2012,73.60011
Fragile and conflict affected situations,2012,52.88091989
Fiji,2012,11.4
Gabon,2012,46.2037
Georgia,2012,10.14694
Ghana,2012,40.20724
Guinea,2012,45.67042
"Gambia, The",2012,46.10407
Guinea-Bissau,2012,75.24783
Guatemala,2012,42.07621
Guyana,2012,18.7291
Honduras,2012,33.88
Heavily indebted poor countries (HIPC),2012,61.77223053
Haiti,2012,53.44951
Hungary,2012,7.9
IDA & IBRD total,2012,37.3212166
IDA total,2012,58.96575947
IDA blend,2012,58.04093871
Indonesia,2012,25.20051
IDA only,2012,59.55609319
India,2012,51.10549
Ireland,2012,7.7
Iraq,2012,43.16104
Jordan,2012,26.0397
Kazakhstan,2012,7.75386
Kenya,2012,53.90611
Kyrgyz Republic,2012,20.32696
Cambodia,2012,51.0
Latin America & Caribbean (excluding high income),2012,19.2849706
Lao PDR,2012,33.8
Lebanon,2012,17.08516
Liberia,2012,69.24025
Latin America & Caribbean,2012,19.20399589
Least developed countries: UN classification,2012,60.74733154
Low income,2012,69.38984729
Lower middle income,2012,47.38216322
Low & middle income,2012,37.23376184
Lesotho,2012,42.075
Morocco,2012,16.42684
Moldova,2012,9.4
Madagascar,2012,77.02633
Maldives,2012,38.7475
Mexico,2012,21.87272
Middle income,2012,34.69363584
Mali,2012,58.7078
Myanmar,2012,48.65382
Middle East & North Africa (excluding high income),2012,23.45926249
Montenegro,2012,13.6
Mongolia,2012,33.76886
Mozambique,2012,69.01354
Mauritania,2012,64.43361
Malawi,2012,60.32659
Namibia,2012,41.66268
Niger,2012,70.38598
Nigeria,2012,59.03215
Nepal,2012,48.95823
Pakistan,2012,62.0729
Panama,2012,22.80692
Peru,2012,36.32046
Philippines,2012,41.53699
Pre-demographic dividend,2012,59.93002148
Paraguay,2012,24.04429
West Bank and Gaza,2012,23.35102
Rwanda,2012,50.53339
South Asia,2012,53.07404226
Sudan,2012,83.8333
Senegal,2012,45.82485
Sierra Leone,2012,61.59705
El Salvador,2012,28.48286
Sub-Saharan Africa (excluding high income),2012,56.62432151
South Sudan,2012,94.20176
Sub-Saharan Africa,2012,56.62432151
Sao Tome and Principe,2012,56.52039
Suriname,2012,12.45228
Eswatini,2012,25.65619
Chad,2012,84.82007
Togo,2012,49.81214
Thailand,2012,10.94107
Tajikistan,2012,32.98425
Turkmenistan,2012,9.50701
Latin America & the Caribbean (IDA & IBRD countries),2012,19.47796409
Timor-Leste,2012,46.0
Middle East & North Africa (IDA & IBRD countries),2012,23.46164102
South Asia (IDA & IBRD),2012,53.07404226
Sub-Saharan Africa (IDA & IBRD countries),2012,56.62432151
Trinidad and Tobago,2012,7.94
Tunisia,2012,9.64392
Turkiye,2012,16.21716
Tanzania,2012,55.78221
Uganda,2012,64.76776
Ukraine,2012,1.8
Uruguay,2012,8.77286
Viet Nam,2012,15.65365
"Yemen, Rep.",2012,48.083
South Africa,2012,25.32466
Zambia,2012,54.4687
Zimbabwe,2012,23.94962
Africa Eastern and Southern,2014,56.13895653
Afghanistan,2014,69.68829
Africa Western and Central,2014,53.71459733
Angola,2014,50.31801
Albania,2014,10.3
Arab World,2014,25.50010869
Armenia,2014,9.37278
Burundi,2014,50.23046
Benin,2014,69.11276
Burkina Faso,2014,43.24863
Bangladesh,2014,53.80168
Bosnia and Herzegovina,2014,4.0
Belarus,2014,6.8608
Belize,2014,15.73733
Bolivia,2014,46.62568
Brazil,2014,14.8971
Botswana,2014,43.83402
Central African Republic,2014,68.9131
Cote d'Ivoire,2014,56.2921
Cameroon,2014,42.47939
"Congo, Dem. Rep.",2014,76.0594
"Congo, Rep.",2014,53.53121
Colombia,2014,11.76571
Comoros,2014,68.63803
Costa Rica,2014,6.29079
Cuba,2014,7.3964
Dominican Republic,2014,13.6122
Algeria,2014,24.98121
Early-demographic dividend,2014,38.86380055
Europe & Central Asia (excluding high income),2014,9.64750062
"Egypt, Arab Rep.",2014,3.655
Ethiopia,2014,70.50487
Fragile and conflict affected situations,2014,51.75154779
Fiji,2014,10.4
Gabon,2014,44.33265
Georgia,2014,9.37997
Ghana,2014,36.84704
Guinea,2014,46.5046
"Gambia, The",2014,44.30132
Guinea-Bissau,2014,71.63847
Guatemala,2014,39.83957
Guyana,2014,17.08187
Honduras,2014,31.54
Heavily indebted poor countries (HIPC),2014,59.65828433
Haiti,2014,52.14388
Hungary,2014,7.2
IDA & IBRD total,2014,36.70883425
IDA total,2014,57.15342045
IDA blend,2014,55.8930251
Indonesia,2014,23.54632
IDA only,2014,57.94923697
India,2014,50.40728
Ireland,2014,8.0
Iraq,2014,44.70552
Jordan,2014,23.71035
Kazakhstan,2014,4.96982
Kenya,2014,52.35971
Kyrgyz Republic,2014,15.85505
Cambodia,2014,45.4
Latin America & Caribbean (excluding high income),2014,18.79495996
Lao PDR,2014,30.4
Lebanon,2014,4.5
Liberia,2014,67.45511
Latin America & Caribbean,2014,18.65588236
Least developed countries: UN classification,2014,59.69524741
Low income,2014,67.41571422
Lower middle income,2014,45.89899714
Low & middle income,2014,36.6397482
Lesotho,2014,37.94455
Morocco,2014,13.63886
Moldova,2014,6.5
Madagascar,2014,74.62477
Maldives,2014,37.6325
Mexico,2014,20.15767
Middle income,2014,34.04212509
Mali,2014,54.51306
Myanmar,2014,51.8629
Middle East & North Africa (excluding high income),2014,20.49623571
Montenegro,2014,12.4
Mongolia,2014,29.79631
Mozambique,2014,65.49988
Mauritania,2014,61.05702
Malawi,2014,56.81257
Namibia,2014,41.51365
Niger,2014,70.44397
Nigeria,2014,56.51963
Nepal,2014,46.06622
Pakistan,2014,60.5481
Panama,2014,18.49538
Peru,2014,34.47168
Philippines,2014,40.13089
Pre-demographic dividend,2014,58.47503713
Paraguay,2014,21.04714
West Bank and Gaza,2014,21.44433
Rwanda,2014,47.0522
South Asia,2014,52.29813524
Sudan,2014,78.74829
Senegal,2014,42.26985
Sierra Leone,2014,58.85944
El Salvador,2014,22.48
Sub-Saharan Africa (excluding high income),2014,54.98009308
South Sudan,2014,94.2
Sub-Saharan Africa,2014,54.98009308
Sao Tome and Principe,2014,54.58198
Suriname,2014,13.2893
Eswatini,2014,18.23219
Chad,2014,83.69279
Togo,2014,46.56882
Thailand,2014,9.90451
Tajikistan,2014,28.43558
Turkmenistan,2014,9.25688
Latin America & the Caribbean (IDA & IBRD countries),2014,18.91359324
Timor-Leste,2014,42.0
Middle East & North Africa (IDA & IBRD countries),2014,20.47573554
South Asia (IDA & IBRD),2014,52.29813524
Sub-Saharan Africa (IDA & IBRD countries),2014,54.98009308
Trinidad and Tobago,2014,7.5
Tunisia,2014,9.14369
Turkiye,2014,14.82313
Tanzania,2014,51.52457
Uganda,2014,62.07886
Ukraine,2014,1.1
Uruguay,2014,5.04714
Viet Nam,2014,10.70982
"Yemen, Rep.",2014,45.46147
South Africa,2014,24.94382
Zambia,2014,52.91605
Zimbabwe,2014,23.35427
Africa Eastern and Southern,2016,55.34871112
Afghanistan,2016,72.12863
Africa Western and Central,2016,51.12099652
Angola,2016,56.44953
Albania,2016,7.8
Arab World,2016,23.64711953
Armenia,2016,8.88375
Burundi,2016,44.86794
Benin,2016,68.71948
Burkina Faso,2016,37.6825
Bangladesh,2016,53.15752
Bosnia and Herzegovina,2016,4.0
Belarus,2016,5.33257
Belize,2016,15.73333
Brazil,2016,14.8971
Botswana,2016,41.71139
Central African Republic,2016,68.9131
Cote d'Ivoire,2016,54.75146
Cameroon,2016,39.21019
"Congo, Dem. Rep.",2016,76.98054
"Congo, Rep.",2016,47.29947
Colombia,2016,10.42127
Comoros,2016,68.6
Costa Rica,2016,5.37577
Cuba,2016,8.44494
Dominican Republic,2016,11.24888
Algeria,2016,21.07581
Early-demographic dividend,2016,37.69985934
Europe & Central Asia (excluding high income),2016,8.883069118
"Egypt, Arab Rep.",2016,0.89992
Ethiopia,2016,67.40962
Fragile and conflict affected situations,2016,51.01114836
Fiji,2016,9.4
Gabon,2016,44.33265
Georgia,2016,8.61301
Ghana,2016,33.48685
Guinea,2016,47.33878
"Gambia, The",2016,42.49858
Guinea-Bissau,2016,68.0291
Guatemala,2016,37.60292
Guyana,2016,15.43465
Honduras,2016,31.5
Heavily indebted poor countries (HIPC),2016,57.93804513
Haiti,2016,50.83825
Hungary,2016,7.2
IDA & IBRD total,2016,35.80524211
IDA total,2016,55.35657483
IDA blend,2016,53.70963986
Indonesia,2016,21.89212
IDA only,2016,56.38165457
India,2016,49.70906
Ireland,2016,8.3
Iraq,2016,46.24999
Jordan,2016,21.381
Kazakhstan,2016,2.18578
Kenya,2016,50.81331
Kyrgyz Republic,2016,11.38314
Cambodia,2016,39.7
Latin America & Caribbean (excluding high income),2016,16.3954082
Lao PDR,2016,27.0
Lebanon,2016,4.5
Liberia,2016,65.66997
Latin America & Caribbean,2016,16.37511656
Least developed countries: UN classification,2016,58.65648318
Low income,2016,65.52661643
Lower middle income,2016,44.63311314
Low & middle income,2016,35.69345578
Lesotho,2016,33.81409
Morocco,2016,10.85088
Moldova,2016,6.5
Madagascar,2016,72.22321
Maldives,2016,36.5175
Mexico,2016,18.44263
Middle income,2016,33.02068539
Mali,2016,50.31832
Myanmar,2016,55.07197
Middle East & North Africa (excluding high income),2016,18.82855741
Montenegro,2016,11.2
Mongolia,2016,25.82377
Mozambique,2016,61.98622
Mauritania,2016,57.68042
Malawi,2016,53.29854
Namibia,2016,41.36463
Niger,2016,70.44397
Nigeria,2016,54.00711
Nepal,2016,43.17421
Pakistan,2016,59.0233
Panama,2016,16.3
Philippines,2016,38.7248
Pre-demographic dividend,2016,57.04424091
Paraguay,2016,18.05
West Bank and Gaza,2016,19.53763
Rwanda,2016,43.57101
South Asia,2016,51.51968646
Sudan,2016,73.66328
Senegal,2016,38.71484
Sierra Leone,2016,56.12183
El Salvador,2016,16.47714
Sub-Saharan Africa (excluding high income),2016,53.3288276
South Sudan,2016,94.2
Sub-Saharan Africa,2016,53.3288276
Sao Tome and Principe,2016,52.64358
Suriname,2016,14.12632
Eswatini,2016,10.8082
Chad,2016,82.56551
Togo,2016,43.32551
Thailand,2016,8.86794
Tajikistan,2016,23.88692
Turkmenistan,2016,9.00675
Latin America & the Caribbean (IDA & IBRD countries),2016,16.56922221
Timor-Leste,2016,37.9
Middle East & North Africa (IDA & IBRD countries),2016,18.81325332
South Asia (IDA & IBRD),2016,51.51968646
Sub-Saharan Africa (IDA & IBRD countries),2016,53.3288276
Trinidad and Tobago,2016,7.5
Tunisia,2016,8.64346
Turkiye,2016,14.12611
Tanzania,2016,47.26693
Uganda,2016,59.38995
Ukraine,2016,1.1
Viet Nam,2016,5.76598
"Yemen, Rep.",2016,44.2
South Africa,2016,24.56298
Zambia,2016,51.36341
Zimbabwe,2016,22.75892
Africa Eastern and Southern,2018,54.67294016
Afghanistan,2018,73.3
Africa Western and Central,2018,48.69823378
Angola,2018,62.58105
Albania,2018,5.3
Arab World,2018,23.97407057
Armenia,2018,8.39472
Burundi,2018,39.50542
Benin,2018,68.3262
Burkina Faso,2018,32.11638
Bangladesh,2018,52.51337
Bosnia and Herzegovina,2018,4.0
Belarus,2018,3.80434
Belize,2018,15.72933
Botswana,2018,39.58877
Cote d'Ivoire,2018,53.21082
Cameroon,2018,35.94099
"Congo, Dem. Rep.",2018,77.90169
"Congo, Rep.",2018,44.18359
Colombia,2018,9.7
Comoros,2018,68.6
Costa Rica,2018,4.46075
Cuba,2018,9.49348
Dominican Republic,2018,11.24888
Algeria,2018,17.17042
Early-demographic dividend,2018,36.87412214
Europe & Central Asia (excluding high income),2018,8.554114213
"Egypt, Arab Rep.",2018,0.89992
Ethiopia,2018,64.31438
Fragile and conflict affected situations,2018,50.83360081
Fiji,2018,9.4
Gabon,2018,44.33265
Georgia,2018,7.84604
Ghana,2018,33.48685
Guinea,2018,48.17296
"Gambia, The",2018,40.69583
Guinea-Bissau,2018,64.41973
Guatemala,2018,37.6
Guyana,2018,13.78743
Honduras,2018,31.5
Heavily indebted poor countries (HIPC),2018,56.21720209
Haiti,2018,49.53262
IDA total,2018,53.68250608
IDA blend,2018,51.67715646
Indonesia,2018,20.23793
IDA only,2018,54.92875177
India,2018,49.01085
Ireland,2018,8.5
Iraq,2018,47.79447
Jordan,2018,19.05165
Kazakhstan,2018,0.79376
Kenya,2018,50.81331
Kyrgyz Republic,2018,6.91123
Cambodia,2018,39.7
Lao PDR,2018,23.6
Liberia,2018,63.88484
Least developed countries: UN classification,2018,57.60305041
Low income,2018,63.65327222
Lower middle income,2018,44.04377295
Low & middle income,2018,37.1716057
Lesotho,2018,29.68363
Morocco,2018,10.85088
Moldova,2018,6.5
Madagascar,2018,69.82165
Maldives,2018,35.4025
Mexico,2018,17.6
Mali,2018,46.12357
Myanmar,2018,58.28105
Middle East & North Africa (excluding high income),2018,18.87670359
Montenegro,2018,10.0
Mongolia,2018,21.85123
Mozambique,2018,58.47257
Mauritania,2018,56.0
Malawi,2018,49.78452
Namibia,2018,41.4
Niger,2018,70.44397
Nigeria,2018,51.49458
Nepal,2018,40.2822
Pakistan,2018,57.49851
Panama,2018,16.3
Philippines,2018,37.3187
Pre-demographic dividend,2018,55.58760776
Paraguay,2018,15.05286
West Bank and Gaza,2018,19.5
Rwanda,2018,40.08982
South Asia,2018,50.73107608
Sudan,2018,73.7
Senegal,2018,35.15984
Sierra Leone,2018,53.38422
El Salvador,2018,16.5
Sub-Saharan Africa (excluding high income),2018,51.81968999
Sub-Saharan Africa,2018,51.81968999
Sao Tome and Principe,2018,52.6
Suriname,2018,14.96333
Eswatini,2018,10.8082
Chad,2018,82.0
Togo,2018,40.08219
Thailand,2018,7.83138
Tajikistan,2018,19.33825
Turkmenistan,2018,8.75663
Timor-Leste,2018,33.9
Middle East & North Africa (IDA & IBRD countries),2018,18.86269347
South Asia (IDA & IBRD),2018,50.73107608
Sub-Saharan Africa (IDA & IBRD countries),2018,51.81968999
Tunisia,2018,8.14324
Turkiye,2018,14.12611
Tanzania,2018,43.0093
Uganda,2018,56.70105
Ukraine,2018,1.1
Viet Nam,2018,5.76598
"Yemen, Rep.",2018,44.2
South Africa,2018,24.18213
Zambia,2018,49.81077
Zimbabwe,2018,22.16356
Africa Eastern and Southern,2020,54.38635113
Afghanistan,2020,73.3
Africa Western and Central,2020,46.25718037
Angola,2020,62.6
Albania,2020,2.8
Armenia,2020,8.39472
Burundi,2020,36.8
Benin,2020,67.93293
Burkina Faso,2020,26.55025
Bangladesh,2020,51.86921
Belarus,2020,2.27611
Belize,2020,15.72533
Botswana,2020,39.6
Cote d'Ivoire,2020,53.21082
Cameroon,2020,32.67179
"Congo, Dem. Rep.",2020,78.36226
"Congo, Rep.",2020,44.18359
Colombia,2020,9.7
Costa Rica,2020,3.54573
Cuba,2020,10.54202
Dominican Republic,2020,11.24888
Algeria,2020,13.26502
Early-demographic dividend,2020,39.22578696
Ethiopia,2020,64.31438
Fragile and conflict affected situations,2020,54.9310354
Fiji,2020,9.4
Georgia,2020,7.07908
Ghana,2020,33.48685
Guinea,2020,49.00714
"Gambia, The",2020,38.89309
Guinea-Bissau,2020,60.81037
Guatemala,2020,37.6
Guyana,2020,12.1402
Heavily indebted poor countries (HIPC),2020,55.42531901
Haiti,2020,48.9
IDA total,2020,52.67888373
IDA blend,2020,49.70073776
Indonesia,2020,19.41083
IDA only,2020,54.62396988
India,2020,49.01085
Ireland,2020,8.5
Iraq,2020,49.33894
Jordan,2020,16.72229
Kazakhstan,2020,0.79376
Kenya,2020,50.81331
Kyrgyz Republic,2020,2.43932
Cambodia,2020,39.7
Lao PDR,2020,21.8
Liberia,2020,63.88484
Least developed countries: UN classification,2020,57.01929648
Low income,2020,63.80630039
Lower middle income,2020,45.39757245
Lesotho,2020,25.55318
Morocco,2020,10.85088
Madagascar,2020,67.42009
Maldives,2020,34.845
Mexico,2020,17.6
Mali,2020,41.92883
Myanmar,2020,58.28105
Montenegro,2020,8.8
Mongolia,2020,17.87869
Mozambique,2020,54.95891
Mauritania,2020,56.0
Malawi,2020,49.78452
Nigeria,2020,48.98206
Nepal,2020,40.2822
Pakistan,2020,55.97371
Philippines,2020,36.61565
Pre-demographic dividend,2020,54.10537188
Paraguay,2020,15.1
West Bank and Gaza,2020,19.5
Rwanda,2020,38.34923
South Asia,2020,50.48424487
Sudan,2020,73.7
Senegal,2020,31.60484
Sierra Leone,2020,50.64661
El Salvador,2020,16.5
Sub-Saharan Africa (excluding high income),2020,50.55351772
Sub-Saharan Africa,2020,50.55351772
Sao Tome and Principe,2020,52.6
Suriname,2020,15.80035
Eswatini,2020,10.8082
Chad,2020,82.0
Togo,2020,38.5
Thailand,2020,6.79482
Tajikistan,2020,17.06392
Turkmenistan,2020,8.5065
Timor-Leste,2020,33.9
South Asia (IDA & IBRD),2020,50.48424487
Sub-Saharan Africa (IDA & IBRD countries),2020,50.55351772
Tunisia,2020,7.64301
Tanzania,2020,40.88048
Uganda,2020,54.01214
Viet Nam,2020,5.76598
South Africa,2020,24.2
Zambia,2020,48.25813
Zimbabwe,2020,21.56821
